match_id,domain,rank_1,rank_2,rank_3,rank_4,rank_5,rank_6
match_0001,coding,Alpha,Gamma,Beta,Delta,Epsilon,Zeta
match_0002,math,Alpha,Beta,Epsilon,Delta,Zeta,Gamma
match_0003,reasoning,Gamma,Delta,Alpha,Zeta,Beta,Epsilon
match_0004,safety,Alpha,Delta,Beta,Epsilon,Gamma,Zeta
match_0005,coding,Epsilon,Alpha,Delta,Gamma,Zeta,Beta
match_0006,math,Delta,Gamma,Beta,Zeta,Epsilon,Alpha
match_0007,reasoning,Epsilon,Beta,Alpha,Delta,Zeta,Gamma
match_0008,safety,Alpha,Beta,Epsilon,Gamma,Delta,Zeta
match_0009,coding,Alpha,Epsilon,Gamma,Beta,Delta,Zeta
match_0010,math,Zeta,Alpha,Beta,Epsilon,Delta,Gamma
match_0011,reasoning,Alpha,Gamma,Epsilon,Zeta,Delta,Beta
match_0012,safety,Delta,Gamma,Alpha,Beta,Epsilon,Zeta
match_0013,coding,Beta,Alpha,Gamma,Zeta,Delta,Epsilon
match_0014,math,Gamma,Beta,Zeta,Alpha,Delta,Epsilon
match_0015,reasoning,Beta,Alpha,Gamma,Delta,Zeta,Epsilon
match_0016,safety,Delta,Alpha,Beta,Gamma,Zeta,Epsilon
match_0017,coding,Alpha,Gamma,Beta,Epsilon,Delta,Zeta
match_0018,math,Beta,Delta,Epsilon,Alpha,Gamma,Zeta
match_0019,reasoning,Gamma,Alpha,Beta,Delta,Epsilon,Zeta
match_0020,safety,Gamma,Alpha,Beta,Delta,Epsilon,Zeta
match_0021,coding,Beta,Alpha,Gamma,Zeta,Delta,Epsilon
match_0022,math,Beta,Delta,Gamma,Zeta,Alpha,Epsilon
match_0023,reasoning,Delta,Gamma,Epsilon,Beta,Alpha,Zeta
match_0024,safety,Epsilon,Alpha,Delta,Gamma,Beta,Zeta
match_0025,coding,Alpha,Beta,Delta,Gamma,Zeta,Epsilon
match_0026,math,Alpha,Gamma,Beta,Epsilon,Delta,Zeta
match_0027,reasoning,Alpha,Delta,Beta,Gamma,Epsilon,Zeta
match_0028,safety,Alpha,Delta,Zeta,Gamma,Epsilon,Beta
match_0029,coding,Beta,Alpha,Gamma,Epsilon,Delta,Zeta
match_0030,math,Alpha,Delta,Gamma,Epsilon,Beta,Zeta
match_0031,reasoning,Beta,Alpha,Delta,Gamma,Epsilon,Zeta
match_0032,safety,Beta,Gamma,Delta,Zeta,Alpha,Epsilon
match_0033,coding,Delta,Beta,Alpha,Gamma,Zeta,Epsilon
match_0034,math,Beta,Epsilon,Gamma,Alpha,Zeta,Delta
match_0035,reasoning,Gamma,Alpha,Beta,Delta,Epsilon,Zeta
match_0036,safety,Delta,Alpha,Zeta,Gamma,Beta,Epsilon
match_0037,coding,Alpha,Beta,Delta,Gamma,Epsilon,Zeta
match_0038,math,Beta,Alpha,Gamma,Zeta,Delta,Epsilon
match_0039,reasoning,Gamma,Alpha,Epsilon,Zeta,Delta,Beta
match_0040,safety,Epsilon,Alpha,Delta,Beta,Gamma,Zeta
match_0041,coding,Beta,Alpha,Gamma,Delta,Zeta,Epsilon
match_0042,math,Gamma,Alpha,Beta,Epsilon,Zeta,Delta
match_0043,reasoning,Epsilon,Gamma,Alpha,Beta,Delta,Zeta
match_0044,safety,Alpha,Delta,Zeta,Gamma,Beta,Epsilon
match_0045,coding,Alpha,Beta,Zeta,Gamma,Delta,Epsilon
match_0046,math,Gamma,Alpha,Beta,Delta,Epsilon,Zeta
match_0047,reasoning,Alpha,Gamma,Delta,Zeta,Epsilon,Beta
match_0048,safety,Zeta,Delta,Gamma,Alpha,Beta,Epsilon
match_0049,coding,Beta,Alpha,Delta,Gamma,Zeta,Epsilon
match_0050,math,Beta,Alpha,Gamma,Delta,Epsilon,Zeta
match_0051,reasoning,Alpha,Beta,Delta,Gamma,Epsilon,Zeta
match_0052,safety,Epsilon,Delta,Gamma,Alpha,Beta,Zeta
match_0053,coding,Gamma,Alpha,Delta,Epsilon,Beta,Zeta
match_0054,math,Beta,Delta,Epsilon,Gamma,Alpha,Zeta
match_0055,reasoning,Beta,Alpha,Gamma,Zeta,Delta,Epsilon
match_0056,safety,Alpha,Delta,Beta,Gamma,Zeta,Epsilon
match_0057,coding,Gamma,Zeta,Alpha,Epsilon,Delta,Beta
match_0058,math,Beta,Gamma,Zeta,Epsilon,Delta,Alpha
match_0059,reasoning,Alpha,Beta,Zeta,Delta,Epsilon,Gamma
match_0060,safety,Epsilon,Alpha,Delta,Gamma,Zeta,Beta
match_0061,coding,Epsilon,Alpha,Beta,Delta,Gamma,Zeta
match_0062,math,Beta,Zeta,Alpha,Epsilon,Delta,Gamma
match_0063,reasoning,Beta,Gamma,Alpha,Delta,Zeta,Epsilon
match_0064,safety,Alpha,Beta,Epsilon,Gamma,Zeta,Delta
match_0065,coding,Alpha,Beta,Delta,Zeta,Epsilon,Gamma
match_0066,math,Delta,Alpha,Zeta,Epsilon,Beta,Gamma
match_0067,reasoning,Alpha,Delta,Beta,Gamma,Epsilon,Zeta
match_0068,safety,Beta,Alpha,Gamma,Epsilon,Delta,Zeta
match_0069,coding,Alpha,Epsilon,Beta,Zeta,Gamma,Delta
match_0070,math,Gamma,Zeta,Epsilon,Beta,Alpha,Delta
match_0071,reasoning,Alpha,Gamma,Beta,Zeta,Delta,Epsilon
match_0072,safety,Delta,Epsilon,Gamma,Zeta,Alpha,Beta
match_0073,coding,Gamma,Delta,Alpha,Zeta,Beta,Epsilon
match_0074,math,Alpha,Beta,Delta,Gamma,Zeta,Epsilon
match_0075,reasoning,Beta,Gamma,Alpha,Delta,Zeta,Epsilon
match_0076,safety,Delta,Zeta,Alpha,Epsilon,Beta,Gamma
match_0077,coding,Gamma,Epsilon,Zeta,Alpha,Beta,Delta
match_0078,math,Alpha,Beta,Epsilon,Gamma,Delta,Zeta
match_0079,reasoning,Epsilon,Gamma,Delta,Beta,Zeta,Alpha
match_0080,safety,Beta,Alpha,Gamma,Zeta,Epsilon,Delta
match_0081,coding,Alpha,Delta,Beta,Gamma,Epsilon,Zeta
match_0082,math,Beta,Zeta,Gamma,Alpha,Delta,Epsilon
match_0083,reasoning,Gamma,Delta,Beta,Epsilon,Zeta,Alpha
match_0084,safety,Beta,Gamma,Epsilon,Alpha,Delta,Zeta
match_0085,coding,Beta,Gamma,Alpha,Delta,Epsilon,Zeta
match_0086,math,Beta,Gamma,Alpha,Epsilon,Delta,Zeta
match_0087,reasoning,Alpha,Beta,Zeta,Epsilon,Gamma,Delta
match_0088,safety,Gamma,Alpha,Zeta,Delta,Beta,Epsilon
match_0089,coding,Alpha,Beta,Delta,Epsilon,Gamma,Zeta
match_0090,math,Alpha,Beta,Gamma,Zeta,Epsilon,Delta
match_0091,reasoning,Gamma,Zeta,Beta,Delta,Alpha,Epsilon
match_0092,safety,Delta,Beta,Alpha,Epsilon,Zeta,Gamma
match_0093,coding,Beta,Alpha,Delta,Epsilon,Gamma,Zeta
match_0094,math,Alpha,Zeta,Gamma,Delta,Beta,Epsilon
match_0095,reasoning,Gamma,Beta,Delta,Alpha,Epsilon,Zeta
match_0096,safety,Delta,Beta,Gamma,Alpha,Epsilon,Zeta
match_0097,coding,Gamma,Alpha,Beta,Zeta,Epsilon,Delta
match_0098,math,Beta,Delta,Gamma,Zeta,Epsilon,Alpha
match_0099,reasoning,Alpha,Zeta,Gamma,Epsilon,Beta,Delta
match_0100,safety,Beta,Gamma,Alpha,Zeta,Epsilon,Delta
match_0101,coding,Alpha,Delta,Zeta,Gamma,Beta,Epsilon
match_0102,math,Alpha,Beta,Delta,Gamma,Epsilon,Zeta
match_0103,reasoning,Epsilon,Gamma,Alpha,Beta,Delta,Zeta
match_0104,safety,Delta,Beta,Gamma,Alpha,Epsilon,Zeta
match_0105,coding,Alpha,Beta,Delta,Zeta,Epsilon,Gamma
match_0106,math,Gamma,Beta,Alpha,Delta,Epsilon,Zeta
match_0107,reasoning,Gamma,Delta,Alpha,Epsilon,Zeta,Beta
match_0108,safety,Alpha,Zeta,Beta,Gamma,Epsilon,Delta
match_0109,coding,Beta,Gamma,Alpha,Delta,Epsilon,Zeta
match_0110,math,Gamma,Beta,Alpha,Zeta,Epsilon,Delta
match_0111,reasoning,Alpha,Delta,Gamma,Beta,Epsilon,Zeta
match_0112,safety,Zeta,Beta,Gamma,Alpha,Epsilon,Delta
match_0113,coding,Gamma,Alpha,Beta,Delta,Zeta,Epsilon
match_0114,math,Beta,Zeta,Gamma,Delta,Epsilon,Alpha
match_0115,reasoning,Epsilon,Alpha,Beta,Zeta,Gamma,Delta
match_0116,safety,Beta,Delta,Alpha,Zeta,Epsilon,Gamma
match_0117,coding,Zeta,Alpha,Beta,Epsilon,Delta,Gamma
match_0118,math,Alpha,Delta,Gamma,Zeta,Beta,Epsilon
match_0119,reasoning,Alpha,Epsilon,Zeta,Gamma,Beta,Delta
match_0120,safety,Beta,Zeta,Delta,Alpha,Epsilon,Gamma
match_0121,coding,Beta,Alpha,Epsilon,Zeta,Gamma,Delta
match_0122,math,Alpha,Gamma,Epsilon,Zeta,Beta,Delta
match_0123,reasoning,Beta,Gamma,Alpha,Delta,Zeta,Epsilon
match_0124,safety,Epsilon,Zeta,Gamma,Delta,Beta,Alpha
match_0125,coding,Zeta,Delta,Alpha,Gamma,Beta,Epsilon
match_0126,math,Zeta,Alpha,Gamma,Epsilon,Beta,Delta
match_0127,reasoning,Delta,Beta,Alpha,Gamma,Zeta,Epsilon
match_0128,safety,Alpha,Gamma,Delta,Zeta,Epsilon,Beta
match_0129,coding,Alpha,Gamma,Delta,Epsilon,Zeta,Beta
match_0130,math,Beta,Zeta,Epsilon,Delta,Alpha,Gamma
match_0131,reasoning,Epsilon,Beta,Alpha,Gamma,Zeta,Delta
match_0132,safety,Alpha,Beta,Gamma,Epsilon,Zeta,Delta
match_0133,coding,Alpha,Zeta,Epsilon,Delta,Beta,Gamma
match_0134,math,Alpha,Epsilon,Gamma,Zeta,Delta,Beta
match_0135,reasoning,Beta,Gamma,Zeta,Epsilon,Delta,Alpha
match_0136,safety,Delta,Beta,Zeta,Alpha,Epsilon,Gamma
match_0137,coding,Alpha,Beta,Gamma,Delta,Epsilon,Zeta
match_0138,math,Beta,Zeta,Alpha,Delta,Gamma,Epsilon
match_0139,reasoning,Beta,Gamma,Zeta,Delta,Alpha,Epsilon
match_0140,safety,Zeta,Delta,Beta,Gamma,Alpha,Epsilon
match_0141,coding,Beta,Alpha,Epsilon,Delta,Gamma,Zeta
match_0142,math,Gamma,Alpha,Beta,Delta,Epsilon,Zeta
match_0143,reasoning,Alpha,Gamma,Delta,Epsilon,Beta,Zeta
match_0144,safety,Beta,Delta,Gamma,Zeta,Epsilon,Alpha
match_0145,coding,Zeta,Alpha,Gamma,Epsilon,Beta,Delta
match_0146,math,Alpha,Beta,Delta,Gamma,Zeta,Epsilon
match_0147,reasoning,Gamma,Beta,Zeta,Alpha,Delta,Epsilon
match_0148,safety,Alpha,Zeta,Epsilon,Beta,Gamma,Delta
match_0149,coding,Gamma,Zeta,Alpha,Epsilon,Beta,Delta
match_0150,math,Alpha,Gamma,Beta,Epsilon,Zeta,Delta
match_0151,reasoning,Delta,Alpha,Epsilon,Beta,Gamma,Zeta
match_0152,safety,Alpha,Beta,Epsilon,Gamma,Zeta,Delta
match_0153,coding,Alpha,Epsilon,Zeta,Gamma,Delta,Beta
match_0154,math,Delta,Alpha,Beta,Zeta,Gamma,Epsilon
match_0155,reasoning,Beta,Delta,Gamma,Zeta,Alpha,Epsilon
match_0156,safety,Beta,Delta,Gamma,Alpha,Epsilon,Zeta
match_0157,coding,Epsilon,Beta,Delta,Zeta,Alpha,Gamma
match_0158,math,Alpha,Beta,Epsilon,Gamma,Zeta,Delta
match_0159,reasoning,Gamma,Delta,Alpha,Epsilon,Zeta,Beta
match_0160,safety,Zeta,Gamma,Epsilon,Delta,Beta,Alpha
match_0161,coding,Alpha,Beta,Epsilon,Gamma,Zeta,Delta
match_0162,math,Delta,Alpha,Gamma,Epsilon,Beta,Zeta
match_0163,reasoning,Gamma,Delta,Alpha,Zeta,Beta,Epsilon
match_0164,safety,Gamma,Zeta,Delta,Alpha,Beta,Epsilon
match_0165,coding,Beta,Alpha,Epsilon,Delta,Gamma,Zeta
match_0166,math,Alpha,Zeta,Beta,Delta,Gamma,Epsilon
match_0167,reasoning,Delta,Alpha,Beta,Gamma,Epsilon,Zeta
match_0168,safety,Gamma,Beta,Delta,Alpha,Epsilon,Zeta
match_0169,coding,Alpha,Delta,Beta,Gamma,Epsilon,Zeta
match_0170,math,Delta,Epsilon,Gamma,Alpha,Beta,Zeta
match_0171,reasoning,Beta,Gamma,Alpha,Zeta,Epsilon,Delta
match_0172,safety,Alpha,Gamma,Delta,Beta,Epsilon,Zeta
match_0173,coding,Beta,Gamma,Epsilon,Alpha,Zeta,Delta
match_0174,math,Gamma,Beta,Epsilon,Zeta,Delta,Alpha
match_0175,reasoning,Alpha,Delta,Beta,Epsilon,Gamma,Zeta
match_0176,safety,Alpha,Zeta,Epsilon,Gamma,Beta,Delta
match_0177,coding,Beta,Alpha,Delta,Gamma,Zeta,Epsilon
match_0178,math,Beta,Gamma,Delta,Alpha,Epsilon,Zeta
match_0179,reasoning,Beta,Zeta,Delta,Alpha,Epsilon,Gamma
match_0180,safety,Alpha,Zeta,Gamma,Epsilon,Delta,Beta
match_0181,coding,Alpha,Delta,Gamma,Beta,Epsilon,Zeta
match_0182,math,Alpha,Beta,Epsilon,Gamma,Zeta,Delta
match_0183,reasoning,Beta,Delta,Gamma,Alpha,Epsilon,Zeta
match_0184,safety,Beta,Alpha,Gamma,Epsilon,Delta,Zeta
match_0185,coding,Beta,Alpha,Gamma,Epsilon,Delta,Zeta
match_0186,math,Delta,Gamma,Beta,Epsilon,Zeta,Alpha
match_0187,reasoning,Delta,Gamma,Alpha,Beta,Epsilon,Zeta
match_0188,safety,Epsilon,Delta,Alpha,Beta,Gamma,Zeta
match_0189,coding,Delta,Alpha,Gamma,Epsilon,Zeta,Beta
match_0190,math,Gamma,Delta,Epsilon,Beta,Alpha,Zeta
match_0191,reasoning,Zeta,Delta,Alpha,Gamma,Beta,Epsilon
match_0192,safety,Zeta,Alpha,Beta,Epsilon,Gamma,Delta
match_0193,coding,Alpha,Epsilon,Gamma,Beta,Zeta,Delta
match_0194,math,Delta,Gamma,Beta,Alpha,Epsilon,Zeta
match_0195,reasoning,Zeta,Gamma,Delta,Epsilon,Alpha,Beta
match_0196,safety,Alpha,Beta,Gamma,Epsilon,Delta,Zeta
match_0197,coding,Gamma,Beta,Alpha,Zeta,Delta,Epsilon
match_0198,math,Alpha,Zeta,Beta,Gamma,Delta,Epsilon
match_0199,reasoning,Beta,Delta,Gamma,Alpha,Zeta,Epsilon
match_0200,safety,Gamma,Delta,Beta,Zeta,Alpha,Epsilon
match_0201,coding,Gamma,Epsilon,Alpha,Zeta,Beta,Delta
match_0202,math,Delta,Beta,Alpha,Gamma,Epsilon,Zeta
match_0203,reasoning,Gamma,Delta,Alpha,Beta,Epsilon,Zeta
match_0204,safety,Alpha,Beta,Delta,Gamma,Epsilon,Zeta
match_0205,coding,Beta,Gamma,Alpha,Zeta,Epsilon,Delta
match_0206,math,Gamma,Delta,Alpha,Beta,Epsilon,Zeta
match_0207,reasoning,Alpha,Beta,Delta,Zeta,Gamma,Epsilon
match_0208,safety,Beta,Epsilon,Delta,Zeta,Alpha,Gamma
match_0209,coding,Alpha,Delta,Beta,Zeta,Gamma,Epsilon
match_0210,math,Epsilon,Delta,Alpha,Beta,Zeta,Gamma
match_0211,reasoning,Alpha,Gamma,Beta,Epsilon,Zeta,Delta
match_0212,safety,Beta,Gamma,Epsilon,Zeta,Alpha,Delta
match_0213,coding,Alpha,Beta,Gamma,Delta,Zeta,Epsilon
match_0214,math,Delta,Beta,Alpha,Gamma,Zeta,Epsilon
match_0215,reasoning,Alpha,Beta,Delta,Epsilon,Gamma,Zeta
match_0216,safety,Alpha,Beta,Delta,Gamma,Zeta,Epsilon
match_0217,coding,Alpha,Beta,Gamma,Epsilon,Delta,Zeta
match_0218,math,Beta,Epsilon,Gamma,Alpha,Delta,Zeta
match_0219,reasoning,Gamma,Zeta,Delta,Epsilon,Alpha,Beta
match_0220,safety,Alpha,Gamma,Delta,Beta,Epsilon,Zeta
match_0221,coding,Alpha,Epsilon,Delta,Beta,Gamma,Zeta
match_0222,math,Beta,Alpha,Zeta,Epsilon,Delta,Gamma
match_0223,reasoning,Gamma,Beta,Alpha,Delta,Zeta,Epsilon
match_0224,safety,Gamma,Alpha,Zeta,Beta,Delta,Epsilon
match_0225,coding,Delta,Alpha,Gamma,Zeta,Beta,Epsilon
match_0226,math,Alpha,Delta,Gamma,Zeta,Beta,Epsilon
match_0227,reasoning,Zeta,Alpha,Beta,Gamma,Epsilon,Delta
match_0228,safety,Gamma,Zeta,Epsilon,Alpha,Delta,Beta
match_0229,coding,Alpha,Epsilon,Gamma,Beta,Delta,Zeta
match_0230,math,Alpha,Beta,Gamma,Delta,Epsilon,Zeta
match_0231,reasoning,Alpha,Zeta,Beta,Delta,Gamma,Epsilon
match_0232,safety,Beta,Alpha,Gamma,Epsilon,Zeta,Delta
match_0233,coding,Gamma,Beta,Alpha,Zeta,Epsilon,Delta
match_0234,math,Gamma,Beta,Alpha,Delta,Epsilon,Zeta
match_0235,reasoning,Zeta,Epsilon,Gamma,Alpha,Beta,Delta
match_0236,safety,Delta,Gamma,Epsilon,Alpha,Beta,Zeta
match_0237,coding,Alpha,Epsilon,Beta,Delta,Gamma,Zeta
match_0238,math,Delta,Alpha,Zeta,Gamma,Beta,Epsilon
match_0239,reasoning,Alpha,Gamma,Epsilon,Beta,Zeta,Delta
match_0240,safety,Beta,Alpha,Zeta,Gamma,Delta,Epsilon
match_0241,coding,Alpha,Gamma,Zeta,Beta,Epsilon,Delta
match_0242,math,Delta,Gamma,Alpha,Epsilon,Beta,Zeta
match_0243,reasoning,Alpha,Delta,Beta,Zeta,Gamma,Epsilon
match_0244,safety,Gamma,Zeta,Beta,Epsilon,Alpha,Delta
match_0245,coding,Gamma,Alpha,Epsilon,Beta,Zeta,Delta
match_0246,math,Gamma,Epsilon,Delta,Alpha,Beta,Zeta
match_0247,reasoning,Alpha,Gamma,Beta,Delta,Zeta,Epsilon
match_0248,safety,Epsilon,Beta,Gamma,Alpha,Zeta,Delta
match_0249,coding,Zeta,Beta,Epsilon,Alpha,Delta,Gamma
match_0250,math,Gamma,Alpha,Zeta,Delta,Beta,Epsilon
match_0251,reasoning,Beta,Alpha,Delta,Epsilon,Gamma,Zeta
match_0252,safety,Alpha,Beta,Gamma,Delta,Epsilon,Zeta
match_0253,coding,Beta,Alpha,Gamma,Delta,Epsilon,Zeta
match_0254,math,Alpha,Beta,Epsilon,Zeta,Delta,Gamma
match_0255,reasoning,Alpha,Gamma,Beta,Zeta,Delta,Epsilon
match_0256,safety,Alpha,Gamma,Delta,Zeta,Beta,Epsilon
match_0257,coding,Beta,Alpha,Gamma,Epsilon,Delta,Zeta
match_0258,math,Alpha,Gamma,Delta,Epsilon,Beta,Zeta
match_0259,reasoning,Epsilon,Gamma,Alpha,Delta,Beta,Zeta
match_0260,safety,Gamma,Beta,Alpha,Delta,Zeta,Epsilon
match_0261,coding,Zeta,Gamma,Epsilon,Beta,Alpha,Delta
match_0262,math,Zeta,Gamma,Alpha,Epsilon,Beta,Delta
match_0263,reasoning,Alpha,Gamma,Beta,Delta,Zeta,Epsilon
match_0264,safety,Beta,Alpha,Gamma,Delta,Zeta,Epsilon
match_0265,coding,Alpha,Gamma,Beta,Zeta,Delta,Epsilon
match_0266,math,Alpha,Beta,Zeta,Gamma,Epsilon,Delta
match_0267,reasoning,Alpha,Delta,Gamma,Beta,Zeta,Epsilon
match_0268,safety,Alpha,Gamma,Delta,Zeta,Beta,Epsilon
match_0269,coding,Zeta,Delta,Gamma,Alpha,Epsilon,Beta
match_0270,math,Beta,Epsilon,Zeta,Gamma,Alpha,Delta
match_0271,reasoning,Beta,Delta,Zeta,Gamma,Epsilon,Alpha
match_0272,safety,Beta,Gamma,Alpha,Delta,Epsilon,Zeta
match_0273,coding,Gamma,Delta,Alpha,Beta,Zeta,Epsilon
match_0274,math,Alpha,Epsilon,Delta,Gamma,Beta,Zeta
match_0275,reasoning,Gamma,Alpha,Epsilon,Beta,Zeta,Delta
match_0276,safety,Beta,Zeta,Alpha,Delta,Epsilon,Gamma
match_0277,coding,Beta,Alpha,Epsilon,Delta,Zeta,Gamma
match_0278,math,Alpha,Delta,Gamma,Epsilon,Zeta,Beta
match_0279,reasoning,Alpha,Delta,Beta,Gamma,Epsilon,Zeta
match_0280,safety,Beta,Delta,Gamma,Alpha,Zeta,Epsilon
match_0281,coding,Gamma,Beta,Delta,Alpha,Zeta,Epsilon
match_0282,math,Beta,Epsilon,Alpha,Delta,Gamma,Zeta
match_0283,reasoning,Gamma,Alpha,Beta,Epsilon,Zeta,Delta
match_0284,safety,Delta,Beta,Epsilon,Zeta,Alpha,Gamma
match_0285,coding,Alpha,Gamma,Delta,Epsilon,Beta,Zeta
match_0286,math,Epsilon,Alpha,Beta,Gamma,Zeta,Delta
match_0287,reasoning,Alpha,Zeta,Gamma,Delta,Beta,Epsilon
match_0288,safety,Alpha,Epsilon,Gamma,Beta,Zeta,Delta
match_0289,coding,Gamma,Alpha,Zeta,Delta,Epsilon,Beta
match_0290,math,Beta,Epsilon,Delta,Gamma,Alpha,Zeta
match_0291,reasoning,Beta,Alpha,Epsilon,Gamma,Delta,Zeta
match_0292,safety,Alpha,Beta,Delta,Epsilon,Gamma,Zeta
match_0293,coding,Delta,Beta,Gamma,Epsilon,Zeta,Alpha
match_0294,math,Gamma,Zeta,Epsilon,Beta,Alpha,Delta
match_0295,reasoning,Gamma,Delta,Epsilon,Beta,Alpha,Zeta
match_0296,safety,Beta,Gamma,Epsilon,Delta,Alpha,Zeta
match_0297,coding,Beta,Gamma,Delta,Zeta,Epsilon,Alpha
match_0298,math,Beta,Epsilon,Zeta,Alpha,Delta,Gamma
match_0299,reasoning,Alpha,Gamma,Beta,Delta,Zeta,Epsilon
match_0300,safety,Alpha,Delta,Zeta,Gamma,Beta,Epsilon
match_0301,coding,Epsilon,Alpha,Zeta,Gamma,Delta,Beta
match_0302,math,Beta,Alpha,Delta,Gamma,Zeta,Epsilon
match_0303,reasoning,Alpha,Epsilon,Gamma,Beta,Delta,Zeta
match_0304,safety,Alpha,Zeta,Delta,Gamma,Beta,Epsilon
match_0305,coding,Alpha,Beta,Gamma,Zeta,Delta,Epsilon
match_0306,math,Gamma,Beta,Alpha,Delta,Epsilon,Zeta
match_0307,reasoning,Beta,Alpha,Gamma,Epsilon,Delta,Zeta
match_0308,safety,Beta,Alpha,Delta,Gamma,Zeta,Epsilon
match_0309,coding,Beta,Alpha,Gamma,Delta,Zeta,Epsilon
match_0310,math,Gamma,Beta,Delta,Epsilon,Zeta,Alpha
match_0311,reasoning,Alpha,Delta,Beta,Zeta,Gamma,Epsilon
match_0312,safety,Epsilon,Gamma,Beta,Delta,Alpha,Zeta
match_0313,coding,Epsilon,Alpha,Beta,Delta,Gamma,Zeta
match_0314,math,Beta,Alpha,Gamma,Zeta,Epsilon,Delta
match_0315,reasoning,Alpha,Zeta,Beta,Delta,Epsilon,Gamma
match_0316,safety,Gamma,Delta,Alpha,Beta,Zeta,Epsilon
match_0317,coding,Alpha,Zeta,Gamma,Delta,Epsilon,Beta
match_0318,math,Zeta,Alpha,Gamma,Beta,Delta,Epsilon
match_0319,reasoning,Gamma,Alpha,Delta,Beta,Zeta,Epsilon
match_0320,safety,Beta,Alpha,Zeta,Gamma,Epsilon,Delta
match_0321,coding,Gamma,Zeta,Alpha,Beta,Epsilon,Delta
match_0322,math,Beta,Alpha,Delta,Gamma,Epsilon,Zeta
match_0323,reasoning,Alpha,Gamma,Epsilon,Delta,Beta,Zeta
match_0324,safety,Gamma,Delta,Alpha,Beta,Epsilon,Zeta
match_0325,coding,Beta,Alpha,Delta,Epsilon,Gamma,Zeta
match_0326,math,Alpha,Gamma,Delta,Beta,Epsilon,Zeta
match_0327,reasoning,Delta,Beta,Alpha,Epsilon,Zeta,Gamma
match_0328,safety,Epsilon,Delta,Zeta,Alpha,Beta,Gamma
match_0329,coding,Gamma,Beta,Alpha,Epsilon,Zeta,Delta
match_0330,math,Alpha,Beta,Gamma,Delta,Zeta,Epsilon
match_0331,reasoning,Alpha,Beta,Gamma,Epsilon,Delta,Zeta
match_0332,safety,Beta,Delta,Alpha,Zeta,Epsilon,Gamma
match_0333,coding,Beta,Gamma,Zeta,Alpha,Epsilon,Delta
match_0334,math,Beta,Alpha,Gamma,Epsilon,Delta,Zeta
match_0335,reasoning,Gamma,Delta,Alpha,Epsilon,Beta,Zeta
match_0336,safety,Delta,Epsilon,Gamma,Beta,Alpha,Zeta
match_0337,coding,Delta,Beta,Gamma,Alpha,Epsilon,Zeta
match_0338,math,Zeta,Delta,Alpha,Beta,Gamma,Epsilon
match_0339,reasoning,Alpha,Zeta,Beta,Epsilon,Delta,Gamma
match_0340,safety,Beta,Gamma,Zeta,Alpha,Delta,Epsilon
match_0341,coding,Alpha,Beta,Delta,Epsilon,Gamma,Zeta
match_0342,math,Beta,Alpha,Zeta,Delta,Epsilon,Gamma
match_0343,reasoning,Delta,Epsilon,Gamma,Beta,Alpha,Zeta
match_0344,safety,Delta,Epsilon,Gamma,Zeta,Alpha,Beta
match_0345,coding,Gamma,Beta,Zeta,Alpha,Delta,Epsilon
match_0346,math,Beta,Gamma,Alpha,Delta,Epsilon,Zeta
match_0347,reasoning,Alpha,Beta,Delta,Epsilon,Gamma,Zeta
match_0348,safety,Alpha,Epsilon,Zeta,Delta,Beta,Gamma
match_0349,coding,Epsilon,Delta,Gamma,Beta,Alpha,Zeta
match_0350,math,Alpha,Delta,Zeta,Gamma,Beta,Epsilon
match_0351,reasoning,Zeta,Gamma,Alpha,Delta,Beta,Epsilon
match_0352,safety,Epsilon,Alpha,Beta,Gamma,Delta,Zeta
match_0353,coding,Beta,Gamma,Alpha,Delta,Epsilon,Zeta
match_0354,math,Gamma,Beta,Alpha,Epsilon,Zeta,Delta
match_0355,reasoning,Beta,Alpha,Gamma,Zeta,Delta,Epsilon
match_0356,safety,Beta,Delta,Alpha,Gamma,Zeta,Epsilon
match_0357,coding,Beta,Delta,Alpha,Zeta,Epsilon,Gamma
match_0358,math,Alpha,Beta,Epsilon,Gamma,Delta,Zeta
match_0359,reasoning,Beta,Gamma,Alpha,Zeta,Epsilon,Delta
match_0360,safety,Gamma,Alpha,Zeta,Epsilon,Beta,Delta
match_0361,coding,Gamma,Beta,Alpha,Delta,Epsilon,Zeta
match_0362,math,Alpha,Gamma,Zeta,Delta,Epsilon,Beta
match_0363,reasoning,Alpha,Gamma,Beta,Delta,Epsilon,Zeta
match_0364,safety,Delta,Zeta,Alpha,Beta,Epsilon,Gamma
match_0365,coding,Alpha,Gamma,Delta,Epsilon,Beta,Zeta
match_0366,math,Zeta,Alpha,Delta,Gamma,Beta,Epsilon
match_0367,reasoning,Alpha,Zeta,Beta,Epsilon,Gamma,Delta
match_0368,safety,Beta,Delta,Alpha,Zeta,Gamma,Epsilon
match_0369,coding,Alpha,Zeta,Gamma,Epsilon,Beta,Delta
match_0370,math,Alpha,Gamma,Delta,Zeta,Beta,Epsilon
match_0371,reasoning,Gamma,Alpha,Delta,Zeta,Beta,Epsilon
match_0372,safety,Beta,Zeta,Alpha,Delta,Gamma,Epsilon
match_0373,coding,Alpha,Gamma,Epsilon,Delta,Beta,Zeta
match_0374,math,Alpha,Gamma,Beta,Delta,Epsilon,Zeta
match_0375,reasoning,Beta,Alpha,Delta,Epsilon,Zeta,Gamma
match_0376,safety,Gamma,Epsilon,Delta,Beta,Zeta,Alpha
match_0377,coding,Epsilon,Gamma,Alpha,Beta,Delta,Zeta
match_0378,math,Alpha,Gamma,Beta,Delta,Epsilon,Zeta
match_0379,reasoning,Alpha,Zeta,Gamma,Beta,Delta,Epsilon
match_0380,safety,Gamma,Delta,Epsilon,Alpha,Zeta,Beta
match_0381,coding,Alpha,Zeta,Beta,Delta,Epsilon,Gamma
match_0382,math,Alpha,Beta,Gamma,Epsilon,Delta,Zeta
match_0383,reasoning,Alpha,Epsilon,Gamma,Zeta,Delta,Beta
match_0384,safety,Gamma,Beta,Alpha,Epsilon,Zeta,Delta
match_0385,coding,Alpha,Gamma,Beta,Zeta,Epsilon,Delta
match_0386,math,Alpha,Beta,Zeta,Gamma,Epsilon,Delta
match_0387,reasoning,Zeta,Alpha,Beta,Gamma,Delta,Epsilon
match_0388,safety,Beta,Alpha,Epsilon,Gamma,Zeta,Delta
match_0389,coding,Beta,Alpha,Gamma,Epsilon,Zeta,Delta
match_0390,math,Alpha,Gamma,Epsilon,Beta,Delta,Zeta
match_0391,reasoning,Beta,Alpha,Gamma,Delta,Epsilon,Zeta
match_0392,safety,Beta,Alpha,Delta,Epsilon,Zeta,Gamma
match_0393,coding,Alpha,Gamma,Beta,Delta,Epsilon,Zeta
match_0394,math,Alpha,Epsilon,Delta,Gamma,Beta,Zeta
match_0395,reasoning,Gamma,Beta,Alpha,Delta,Epsilon,Zeta
match_0396,safety,Beta,Delta,Alpha,Gamma,Zeta,Epsilon
match_0397,coding,Alpha,Beta,Delta,Gamma,Epsilon,Zeta
match_0398,math,Gamma,Beta,Zeta,Epsilon,Alpha,Delta
match_0399,reasoning,Alpha,Gamma,Beta,Delta,Epsilon,Zeta
match_0400,safety,Zeta,Epsilon,Beta,Alpha,Delta,Gamma
match_0401,coding,Alpha,Zeta,Gamma,Epsilon,Beta,Delta
match_0402,math,Gamma,Delta,Epsilon,Beta,Zeta,Alpha
match_0403,reasoning,Alpha,Epsilon,Gamma,Beta,Zeta,Delta
match_0404,safety,Alpha,Beta,Epsilon,Zeta,Gamma,Delta
match_0405,coding,Gamma,Alpha,Beta,Epsilon,Delta,Zeta
match_0406,math,Epsilon,Alpha,Delta,Zeta,Beta,Gamma
match_0407,reasoning,Beta,Gamma,Delta,Epsilon,Alpha,Zeta
match_0408,safety,Alpha,Beta,Gamma,Zeta,Epsilon,Delta
match_0409,coding,Alpha,Epsilon,Beta,Gamma,Zeta,Delta
match_0410,math,Beta,Alpha,Epsilon,Delta,Gamma,Zeta
match_0411,reasoning,Alpha,Epsilon,Gamma,Beta,Zeta,Delta
match_0412,safety,Alpha,Gamma,Epsilon,Zeta,Beta,Delta
match_0413,coding,Epsilon,Alpha,Gamma,Beta,Delta,Zeta
match_0414,math,Beta,Delta,Zeta,Alpha,Gamma,Epsilon
match_0415,reasoning,Beta,Alpha,Delta,Zeta,Gamma,Epsilon
match_0416,safety,Delta,Alpha,Zeta,Gamma,Beta,Epsilon
match_0417,coding,Alpha,Gamma,Delta,Epsilon,Beta,Zeta
match_0418,math,Epsilon,Gamma,Zeta,Delta,Alpha,Beta
match_0419,reasoning,Alpha,Gamma,Beta,Epsilon,Zeta,Delta
match_0420,safety,Beta,Alpha,Epsilon,Gamma,Delta,Zeta
match_0421,coding,Alpha,Beta,Gamma,Zeta,Epsilon,Delta
match_0422,math,Beta,Alpha,Epsilon,Zeta,Gamma,Delta
match_0423,reasoning,Beta,Alpha,Epsilon,Gamma,Delta,Zeta
match_0424,safety,Gamma,Epsilon,Zeta,Delta,Alpha,Beta
match_0425,coding,Alpha,Beta,Delta,Zeta,Gamma,Epsilon
match_0426,math,Gamma,Beta,Alpha,Delta,Zeta,Epsilon
match_0427,reasoning,Zeta,Gamma,Beta,Alpha,Epsilon,Delta
match_0428,safety,Alpha,Gamma,Delta,Epsilon,Zeta,Beta
match_0429,coding,Alpha,Beta,Zeta,Delta,Epsilon,Gamma
match_0430,math,Beta,Alpha,Epsilon,Gamma,Zeta,Delta
match_0431,reasoning,Beta,Alpha,Epsilon,Gamma,Delta,Zeta
match_0432,safety,Epsilon,Beta,Alpha,Delta,Zeta,Gamma
match_0433,coding,Alpha,Delta,Gamma,Beta,Epsilon,Zeta
match_0434,math,Epsilon,Gamma,Beta,Alpha,Delta,Zeta
match_0435,reasoning,Epsilon,Zeta,Beta,Delta,Gamma,Alpha
match_0436,safety,Gamma,Alpha,Delta,Beta,Zeta,Epsilon
match_0437,coding,Epsilon,Alpha,Beta,Delta,Gamma,Zeta
match_0438,math,Epsilon,Delta,Gamma,Beta,Alpha,Zeta
match_0439,reasoning,Alpha,Beta,Delta,Gamma,Zeta,Epsilon
match_0440,safety,Alpha,Gamma,Zeta,Beta,Epsilon,Delta
match_0441,coding,Alpha,Beta,Gamma,Epsilon,Delta,Zeta
match_0442,math,Epsilon,Gamma,Alpha,Beta,Zeta,Delta
match_0443,reasoning,Alpha,Beta,Zeta,Epsilon,Gamma,Delta
match_0444,safety,Epsilon,Delta,Gamma,Beta,Alpha,Zeta
match_0445,coding,Alpha,Gamma,Beta,Epsilon,Zeta,Delta
match_0446,math,Alpha,Gamma,Beta,Zeta,Epsilon,Delta
match_0447,reasoning,Alpha,Beta,Zeta,Gamma,Delta,Epsilon
match_0448,safety,Alpha,Gamma,Epsilon,Zeta,Beta,Delta
match_0449,coding,Beta,Alpha,Delta,Gamma,Epsilon,Zeta
match_0450,math,Gamma,Alpha,Epsilon,Beta,Delta,Zeta
match_0451,reasoning,Alpha,Epsilon,Beta,Zeta,Gamma,Delta
match_0452,safety,Delta,Alpha,Beta,Epsilon,Zeta,Gamma
match_0453,coding,Beta,Delta,Zeta,Alpha,Epsilon,Gamma
match_0454,math,Alpha,Gamma,Delta,Beta,Epsilon,Zeta
match_0455,reasoning,Beta,Alpha,Gamma,Epsilon,Delta,Zeta
match_0456,safety,Delta,Gamma,Zeta,Epsilon,Alpha,Beta
match_0457,coding,Alpha,Zeta,Gamma,Beta,Epsilon,Delta
match_0458,math,Gamma,Beta,Alpha,Delta,Epsilon,Zeta
match_0459,reasoning,Beta,Gamma,Alpha,Epsilon,Delta,Zeta
match_0460,safety,Alpha,Gamma,Zeta,Delta,Beta,Epsilon
match_0461,coding,Beta,Alpha,Epsilon,Gamma,Zeta,Delta
match_0462,math,Beta,Alpha,Gamma,Delta,Epsilon,Zeta
match_0463,reasoning,Beta,Alpha,Delta,Epsilon,Gamma,Zeta
match_0464,safety,Beta,Alpha,Delta,Epsilon,Zeta,Gamma
match_0465,coding,Beta,Gamma,Zeta,Alpha,Delta,Epsilon
match_0466,math,Alpha,Zeta,Epsilon,Gamma,Delta,Beta
match_0467,reasoning,Alpha,Zeta,Beta,Epsilon,Gamma,Delta
match_0468,safety,Delta,Beta,Alpha,Zeta,Gamma,Epsilon
match_0469,coding,Gamma,Alpha,Beta,Zeta,Delta,Epsilon
match_0470,math,Gamma,Epsilon,Beta,Alpha,Zeta,Delta
match_0471,reasoning,Gamma,Alpha,Epsilon,Zeta,Beta,Delta
match_0472,safety,Alpha,Beta,Gamma,Zeta,Delta,Epsilon
match_0473,coding,Beta,Alpha,Delta,Epsilon,Gamma,Zeta
match_0474,math,Beta,Gamma,Alpha,Delta,Zeta,Epsilon
match_0475,reasoning,Beta,Epsilon,Gamma,Alpha,Delta,Zeta
match_0476,safety,Beta,Gamma,Delta,Alpha,Epsilon,Zeta
match_0477,coding,Gamma,Delta,Zeta,Epsilon,Beta,Alpha
match_0478,math,Beta,Delta,Epsilon,Gamma,Alpha,Zeta
match_0479,reasoning,Beta,Gamma,Alpha,Epsilon,Zeta,Delta
match_0480,safety,Alpha,Gamma,Zeta,Epsilon,Beta,Delta
match_0481,coding,Epsilon,Gamma,Delta,Alpha,Beta,Zeta
match_0482,math,Alpha,Zeta,Epsilon,Gamma,Beta,Delta
match_0483,reasoning,Alpha,Beta,Zeta,Epsilon,Gamma,Delta
match_0484,safety,Alpha,Gamma,Zeta,Delta,Epsilon,Beta
match_0485,coding,Beta,Alpha,Epsilon,Delta,Gamma,Zeta
match_0486,math,Epsilon,Gamma,Alpha,Delta,Beta,Zeta
match_0487,reasoning,Gamma,Delta,Alpha,Beta,Zeta,Epsilon
match_0488,safety,Alpha,Gamma,Delta,Beta,Zeta,Epsilon
match_0489,coding,Alpha,Delta,Gamma,Epsilon,Zeta,Beta
match_0490,math,Beta,Alpha,Delta,Gamma,Zeta,Epsilon
match_0491,reasoning,Alpha,Gamma,Zeta,Beta,Epsilon,Delta
match_0492,safety,Alpha,Zeta,Epsilon,Gamma,Beta,Delta
match_0493,coding,Gamma,Delta,Epsilon,Zeta,Alpha,Beta
match_0494,math,Epsilon,Alpha,Zeta,Delta,Gamma,Beta
match_0495,reasoning,Gamma,Delta,Alpha,Beta,Epsilon,Zeta
match_0496,safety,Zeta,Beta,Epsilon,Alpha,Delta,Gamma
match_0497,coding,Beta,Delta,Epsilon,Alpha,Gamma,Zeta
match_0498,math,Alpha,Gamma,Zeta,Beta,Delta,Epsilon
match_0499,reasoning,Beta,Zeta,Delta,Alpha,Gamma,Epsilon
match_0500,safety,Zeta,Delta,Gamma,Beta,Epsilon,Alpha
match_0501,coding,Alpha,Gamma,Epsilon,Zeta,Beta,Delta
match_0502,math,Beta,Alpha,Gamma,Delta,Epsilon,Zeta
match_0503,reasoning,Beta,Delta,Gamma,Zeta,Epsilon,Alpha
match_0504,safety,Alpha,Epsilon,Gamma,Beta,Delta,Zeta
match_0505,coding,Delta,Gamma,Beta,Alpha,Epsilon,Zeta
match_0506,math,Alpha,Beta,Zeta,Epsilon,Delta,Gamma
match_0507,reasoning,Beta,Delta,Gamma,Epsilon,Alpha,Zeta
match_0508,safety,Delta,Beta,Gamma,Alpha,Zeta,Epsilon
match_0509,coding,Alpha,Zeta,Epsilon,Gamma,Beta,Delta
match_0510,math,Alpha,Beta,Gamma,Epsilon,Zeta,Delta
match_0511,reasoning,Delta,Zeta,Alpha,Epsilon,Gamma,Beta
match_0512,safety,Alpha,Beta,Epsilon,Delta,Zeta,Gamma
match_0513,coding,Gamma,Alpha,Beta,Delta,Zeta,Epsilon
match_0514,math,Alpha,Beta,Gamma,Epsilon,Delta,Zeta
match_0515,reasoning,Alpha,Beta,Epsilon,Delta,Gamma,Zeta
match_0516,safety,Beta,Alpha,Gamma,Epsilon,Delta,Zeta
match_0517,coding,Beta,Alpha,Gamma,Delta,Epsilon,Zeta
match_0518,math,Beta,Alpha,Gamma,Epsilon,Delta,Zeta
match_0519,reasoning,Gamma,Beta,Alpha,Zeta,Epsilon,Delta
match_0520,safety,Delta,Beta,Zeta,Alpha,Gamma,Epsilon
match_0521,coding,Alpha,Gamma,Delta,Epsilon,Zeta,Beta
match_0522,math,Delta,Beta,Alpha,Epsilon,Gamma,Zeta
match_0523,reasoning,Beta,Epsilon,Alpha,Gamma,Zeta,Delta
match_0524,safety,Beta,Epsilon,Gamma,Delta,Zeta,Alpha
match_0525,coding,Zeta,Epsilon,Beta,Delta,Alpha,Gamma
match_0526,math,Gamma,Delta,Beta,Epsilon,Alpha,Zeta
match_0527,reasoning,Alpha,Epsilon,Delta,Zeta,Beta,Gamma
match_0528,safety,Delta,Zeta,Alpha,Epsilon,Gamma,Beta
match_0529,coding,Alpha,Beta,Delta,Epsilon,Zeta,Gamma
match_0530,math,Epsilon,Gamma,Alpha,Beta,Zeta,Delta
match_0531,reasoning,Epsilon,Gamma,Beta,Delta,Alpha,Zeta
match_0532,safety,Alpha,Epsilon,Gamma,Zeta,Beta,Delta
match_0533,coding,Alpha,Epsilon,Zeta,Gamma,Delta,Beta
match_0534,math,Delta,Alpha,Beta,Epsilon,Zeta,Gamma
match_0535,reasoning,Alpha,Gamma,Beta,Zeta,Delta,Epsilon
match_0536,safety,Alpha,Beta,Delta,Epsilon,Zeta,Gamma
match_0537,coding,Alpha,Epsilon,Delta,Zeta,Beta,Gamma
match_0538,math,Alpha,Gamma,Beta,Delta,Zeta,Epsilon
match_0539,reasoning,Alpha,Gamma,Delta,Epsilon,Zeta,Beta
match_0540,safety,Beta,Gamma,Delta,Zeta,Epsilon,Alpha
match_0541,coding,Alpha,Gamma,Epsilon,Zeta,Delta,Beta
match_0542,math,Beta,Gamma,Zeta,Delta,Alpha,Epsilon
match_0543,reasoning,Alpha,Delta,Epsilon,Gamma,Beta,Zeta
match_0544,safety,Delta,Beta,Zeta,Alpha,Gamma,Epsilon
match_0545,coding,Gamma,Beta,Epsilon,Delta,Alpha,Zeta
match_0546,math,Beta,Epsilon,Zeta,Delta,Gamma,Alpha
match_0547,reasoning,Beta,Delta,Alpha,Gamma,Epsilon,Zeta
match_0548,safety,Beta,Epsilon,Alpha,Delta,Gamma,Zeta
match_0549,coding,Alpha,Delta,Gamma,Epsilon,Beta,Zeta
match_0550,math,Delta,Epsilon,Beta,Alpha,Gamma,Zeta
match_0551,reasoning,Zeta,Beta,Delta,Alpha,Gamma,Epsilon
match_0552,safety,Gamma,Beta,Zeta,Epsilon,Alpha,Delta
match_0553,coding,Beta,Gamma,Delta,Epsilon,Alpha,Zeta
match_0554,math,Gamma,Epsilon,Alpha,Delta,Beta,Zeta
match_0555,reasoning,Delta,Beta,Alpha,Epsilon,Zeta,Gamma
match_0556,safety,Beta,Alpha,Delta,Zeta,Epsilon,Gamma
match_0557,coding,Alpha,Beta,Delta,Zeta,Epsilon,Gamma
match_0558,math,Beta,Zeta,Delta,Epsilon,Alpha,Gamma
match_0559,reasoning,Alpha,Delta,Beta,Gamma,Zeta,Epsilon
match_0560,safety,Zeta,Delta,Epsilon,Beta,Alpha,Gamma
