workload_id,scenario,latency_alpha,latency_beta,latency_gamma,latency_delta,latency_epsilon,latency_zeta
workload_0001,short_context,99.697,93.306,94.134,89.665,103.523,100.545
workload_0002,medium_context,95.985,103.306,106.749,97.823,98.792,105.81
workload_0003,long_context,105.292,108.824,108.645,106.599,93.263,114.772
workload_0004,tool_heavy,106.146,121.674,112.972,104.205,110.771,116.995
workload_0005,short_context,94.623,102.167,95.878,92.702,91.96,93.605
workload_0006,medium_context,101.382,97.325,98.615,102.163,99.106,107.266
workload_0007,long_context,107.374,108.588,113.358,104.71,112.869,109.01
workload_0008,tool_heavy,103.756,111.006,119.613,115.013,115.654,120.465
workload_0009,short_context,95.582,94.221,93.207,97.938,94.803,94.793
workload_0010,medium_context,94.408,98.925,101.162,103.109,109.043,107.576
workload_0011,long_context,97.546,99.639,105.81,106.826,110.457,108.699
workload_0012,tool_heavy,114.789,113.912,113.31,105.047,107.613,122.367
workload_0013,short_context,97.119,92.604,94.924,91.574,93.34,100.896
workload_0014,medium_context,107.309,94.299,97.123,95.058,107.134,97.315
workload_0015,long_context,103.68,108.223,112.582,102.78,105.593,112.235
workload_0016,tool_heavy,110.312,105.826,119.16,117.013,113.963,119.655
workload_0017,short_context,99.83,94.839,95.541,99.629,97.948,102.296
workload_0018,medium_context,92.05,99.12,102.535,102.148,108.864,98.659
workload_0019,long_context,108.02,103.222,104.478,102.701,112.136,112.802
workload_0020,tool_heavy,110.019,109.342,121.116,110.639,118.178,115.905
workload_0021,short_context,94.383,93.636,94.111,94.158,101.962,97.903
workload_0022,medium_context,96.68,107.493,103.639,108.46,109.277,111.145
workload_0023,long_context,110.313,112.667,111.053,117.07,105.437,107.733
workload_0024,tool_heavy,110.868,108.651,113.469,106.622,116.334,121.622
workload_0025,short_context,90.213,100.719,92.941,87.651,96.994,103.869
workload_0026,medium_context,96.807,104.143,105.752,98.083,104.199,94.118
workload_0027,long_context,104.753,104.536,101.418,110.937,106.493,117.297
workload_0028,tool_heavy,122.664,111.261,120.902,111.964,106.28,114.923
workload_0029,short_context,89.954,95.152,94.323,95.612,107.45,103.36
workload_0030,medium_context,98.668,103.891,100.173,98.978,105.23,101.085
workload_0031,long_context,111.404,110.947,110.464,107.584,110.521,99.422
workload_0032,tool_heavy,115.09,103.906,116.357,110.346,117.363,124.059
workload_0033,short_context,92.76,89.838,90.62,96.995,94.856,108.319
workload_0034,medium_context,99.968,106.351,97.749,104.897,105.446,105.023
workload_0035,long_context,107.098,111.424,107.741,102.953,110.143,110.973
workload_0036,tool_heavy,102.659,107.008,111.386,117.403,114.406,116.039
workload_0037,short_context,88.344,88.904,93.992,103.465,89.804,100.138
workload_0038,medium_context,96.608,102.659,100.511,97.813,104.315,93.042
workload_0039,long_context,113.207,112.228,104.712,105.903,116.732,112.483
workload_0040,tool_heavy,119.031,106.612,120.856,111.606,116.396,112.743
workload_0041,short_context,93.442,92.403,101.048,102.064,100.659,101.585
workload_0042,medium_context,89.503,106.118,104.109,98.258,99.174,102.645
workload_0043,long_context,107.18,117.671,104.038,109.39,107.626,100.496
workload_0044,tool_heavy,113.299,114.47,117.437,117.082,112.223,116.732
workload_0045,short_context,93.776,103.563,95.041,83.161,98.722,95.211
workload_0046,medium_context,96.608,97.728,93.14,102.506,100.883,97.827
workload_0047,long_context,103.041,104.998,105.272,111.137,107.212,115.933
workload_0048,tool_heavy,109.32,111.792,109.405,117.494,117.449,114.416
workload_0049,short_context,97.444,89.372,101.599,96.369,99.646,94.917
workload_0050,medium_context,100.409,102.3,102.376,103.615,105.368,104.054
workload_0051,long_context,100.126,108.352,110.202,103.326,106.861,113.348
workload_0052,tool_heavy,113.66,105.044,111.444,106.14,113.439,111.307
workload_0053,short_context,96.264,104.2,92.858,97.718,100.751,98.418
workload_0054,medium_context,99.64,103.403,102.322,105.43,100.502,101.781
workload_0055,long_context,105.756,116.868,100.129,102.655,107.837,113.881
workload_0056,tool_heavy,109.726,115.987,117.272,125.168,112.8,109.633
workload_0057,short_context,92.697,93.612,90.031,93.321,89.103,100.015
workload_0058,medium_context,97.666,109.755,109.528,101.614,104.248,104.506
workload_0059,long_context,109.589,114.169,108.06,105.164,109.924,114.499
workload_0060,tool_heavy,112.963,110.774,115.591,120.519,111.325,107.428
workload_0061,short_context,98.638,98.938,89.625,95.647,89.678,99.935
workload_0062,medium_context,89.06,96.456,103.833,104.936,103.715,104.968
workload_0063,long_context,96.921,101.989,104.916,109.161,107.134,115.329
workload_0064,tool_heavy,111.262,114.096,112.266,117.354,116.693,114.27
workload_0065,short_context,98.231,92.299,97.384,93.275,93.958,96.313
workload_0066,medium_context,89.745,106.26,98.072,99.954,104.855,104.619
workload_0067,long_context,95.782,102.566,100.867,106.206,101.15,104.271
workload_0068,tool_heavy,116.507,108.601,117.858,109.53,112.856,113.674
workload_0069,short_context,90.54,97.213,89.563,99.133,98.875,96.769
workload_0070,medium_context,99.731,103.833,105.485,103.215,104.395,109.277
workload_0071,long_context,107.978,110.593,101.558,108.797,106.901,115.297
workload_0072,tool_heavy,112.51,112.716,114.927,115.263,113.792,120.329
workload_0073,short_context,90.291,93.52,91.437,91.797,97.573,97.271
workload_0074,medium_context,102.222,100.771,101.824,97.506,104.946,96.385
workload_0075,long_context,103.393,109.389,103.364,105.935,104.859,102.549
workload_0076,tool_heavy,108.677,115.549,113.006,117.138,115.808,108.869
workload_0077,short_context,91.47,91.974,95.772,93.92,96.366,94.018
workload_0078,medium_context,98.501,100.999,93.92,102.544,97.241,109.303
workload_0079,long_context,109.999,102.512,112.417,108.452,116.243,111.128
workload_0080,tool_heavy,102.962,112.027,107.236,117.96,117.402,116.489
workload_0081,short_context,87.574,93.786,95.883,90.35,99.272,101.627
workload_0082,medium_context,99.162,93.32,98.316,101.983,105.921,103.662
workload_0083,long_context,102.695,105.607,105.6,109.832,109.735,102.914
workload_0084,tool_heavy,107.539,112.283,113.314,107.092,116.539,115.33
workload_0085,short_context,89.282,95.913,95.827,90.928,105.119,90.834
workload_0086,medium_context,90.317,93.863,98.733,98.621,102.125,99.274
workload_0087,long_context,99.89,101.23,114.524,106.954,109.926,110.35
workload_0088,tool_heavy,108.698,108.54,107.053,110.891,115.266,122.236
workload_0089,short_context,95.367,94.155,102.975,104.33,97.579,96.533
workload_0090,medium_context,97.711,92.65,105.01,104.226,110.472,106.066
workload_0091,long_context,110.972,113.063,111.519,108.931,106.828,110.028
workload_0092,tool_heavy,109.903,113.55,117.972,117.067,119.041,118.257
workload_0093,short_context,93.682,88.219,93.994,100.059,102.663,103.924
workload_0094,medium_context,105.296,106.303,94.363,98.429,101.77,110.68
workload_0095,long_context,105.989,105.456,107.464,104.861,108.654,97.34
workload_0096,tool_heavy,104.995,111.306,119.026,114.798,111.639,112.478
workload_0097,short_context,97.322,92.419,94.444,98.793,107.757,99.754
workload_0098,medium_context,100.556,97.407,107.879,105.622,107.814,103.829
workload_0099,long_context,99.395,101.112,103.27,110.899,109.578,117.234
workload_0100,tool_heavy,111.035,115.732,111.604,108.156,119.87,114.235
workload_0101,short_context,84.493,95.991,93.542,103.279,101.273,98.565
workload_0102,medium_context,102.07,95.253,100.036,105.871,104.602,105.087
workload_0103,long_context,107.196,103.387,99.12,107.672,109.735,114.287
workload_0104,tool_heavy,103.504,118.654,104.153,114.937,112.871,123.182
workload_0105,short_context,97.989,95.352,93.482,89.023,88.482,93.82
workload_0106,medium_context,94.891,97.734,97.968,100.497,101.746,102.073
workload_0107,long_context,109.734,104.812,106.963,112.783,107.697,111.758
workload_0108,tool_heavy,114.056,109.822,115.687,113.021,116.969,116.993
workload_0109,short_context,89.052,95.198,85.742,93.399,108.086,93.159
workload_0110,medium_context,98.284,97.537,98.067,105.434,94.694,108.505
workload_0111,long_context,101.985,102.951,104.101,102.778,110.339,110.411
workload_0112,tool_heavy,107.528,120.012,117.888,104.178,110.208,115.928
workload_0113,short_context,91.627,94.32,106.087,104.723,96.006,95.191
workload_0114,medium_context,105.53,104.899,105.188,101.258,104.57,111.025
workload_0115,long_context,108.572,104.979,101.822,117.105,114.899,107.475
workload_0116,tool_heavy,103.158,108.411,111.238,114.438,117.349,116.627
workload_0117,short_context,94.181,87.493,105.064,99.528,95.929,88.619
workload_0118,medium_context,100.142,90.618,99.797,109.4,103.141,108.948
workload_0119,long_context,110.243,107.317,114.922,106.696,113.712,105.272
workload_0120,tool_heavy,110.319,111.109,111.958,108.68,119.209,114.261
workload_0121,short_context,95.616,87.932,98.376,105.169,93.462,95.643
workload_0122,medium_context,100.116,104.594,93.01,99.557,100.405,105.177
workload_0123,long_context,108.201,106.28,105.18,108.921,110.254,105.985
workload_0124,tool_heavy,114.005,107.965,106.4,121.417,111.193,118.629
workload_0125,short_context,94.806,97.568,102.839,99.713,97.67,100.454
workload_0126,medium_context,97.644,101.702,98.633,105.875,99.459,97.392
workload_0127,long_context,97.278,109.926,103.206,106.415,110.918,113.683
workload_0128,tool_heavy,105.208,109.262,116.37,115.541,119.195,120.001
workload_0129,short_context,95.137,98.879,88.934,92.439,92.033,104.636
workload_0130,medium_context,98.143,98.051,100.531,108.641,103.598,98.681
workload_0131,long_context,109.4,105.056,103.726,110.962,112.256,110.568
workload_0132,tool_heavy,114.9,113.363,107.464,107.573,109.112,112.627
workload_0133,short_context,87.186,101.012,97.836,93.962,96.332,100.914
workload_0134,medium_context,106.217,98.806,94.702,101.928,103.571,101.362
workload_0135,long_context,107.855,104.806,113.223,106.669,111.225,102.896
workload_0136,tool_heavy,108.024,112.392,121.903,111.924,108.762,112.429
workload_0137,short_context,98.116,90.141,96.303,87.538,101.302,89.881
workload_0138,medium_context,97.759,101.509,96.73,95.318,105.913,107.488
workload_0139,long_context,103.01,108.95,108.851,111.338,113.476,115.786
workload_0140,tool_heavy,113.074,104.442,118.624,113.378,110.625,121.63
workload_0141,short_context,94.195,101.357,92.802,99.009,92.122,96.835
workload_0142,medium_context,102.121,95.298,100.462,99.043,110.411,104.197
workload_0143,long_context,107.554,104.83,106.424,108.333,104.325,112.097
workload_0144,tool_heavy,108.958,100.928,116.344,111.292,115.52,118.808
workload_0145,short_context,86.692,84.961,91.797,83.521,101.317,87.142
workload_0146,medium_context,94.878,98.13,102.174,104.154,101.129,105.665
workload_0147,long_context,104.394,101.637,109.579,105.595,109.153,110.79
workload_0148,tool_heavy,110.874,107.7,108.761,120.473,114.374,123.558
workload_0149,short_context,95.909,93.715,94.383,97.409,99.132,94.595
workload_0150,medium_context,99.456,100.962,96.197,100.641,104.589,108.696
workload_0151,long_context,98.652,101.252,106.991,110.386,102.883,106.645
workload_0152,tool_heavy,98.551,109.557,110.992,122.795,111.593,105.637
workload_0153,short_context,104.424,99.187,102.785,96.991,104.201,94.613
workload_0154,medium_context,92.645,107.835,89.041,98.459,107.973,110.748
workload_0155,long_context,103.004,102.761,106.572,107.312,105.859,112.011
workload_0156,tool_heavy,103.637,112.03,107.813,110.925,112.49,118.708
workload_0157,short_context,98.786,96.956,100.007,102.343,97.602,100.067
workload_0158,medium_context,97.4,101.585,106.579,98.578,100.344,97.401
workload_0159,long_context,98.732,109.583,107.759,115.701,108.776,111.217
workload_0160,tool_heavy,109.31,113.243,116.367,110.596,104.113,121.81
workload_0161,short_context,91.536,95.544,95.852,98.315,102.14,97.509
workload_0162,medium_context,97.333,100.885,100.952,106.392,109.338,97.353
workload_0163,long_context,108.59,101.253,112.099,106.896,114.531,110.637
workload_0164,tool_heavy,112.412,106.964,119.304,111.464,112.311,110.459
workload_0165,short_context,96.655,94.04,91.952,89.081,98.235,105.406
workload_0166,medium_context,98.635,106.152,103.861,103.55,102.152,106.396
workload_0167,long_context,103.682,109.771,109.504,105.386,104.44,113.284
workload_0168,tool_heavy,101.62,101.667,106.711,112.804,116.167,118.683
workload_0169,short_context,99.483,92.787,99.354,94.811,95.146,101.487
workload_0170,medium_context,103.446,102.579,102.188,95.435,103.618,99.538
workload_0171,long_context,113.761,105.841,102.243,107.105,110.762,102.295
workload_0172,tool_heavy,109.752,103.659,113.438,108.413,122.292,118.608
workload_0173,short_context,100.989,96.335,96.546,98.812,102.399,96.024
workload_0174,medium_context,86.802,99.533,89.578,99.082,104.615,103.03
workload_0175,long_context,97.565,108.835,107.316,113.471,103.928,111.094
workload_0176,tool_heavy,110.018,117.815,106.175,113.684,110.942,110.396
workload_0177,short_context,97.765,99.634,98.338,93.536,93.877,101.854
workload_0178,medium_context,95.773,97.871,95.365,100.424,103.674,96.257
workload_0179,long_context,116.804,112.401,108.869,117.627,101.914,109.1
workload_0180,tool_heavy,105.818,103.026,112.493,111.893,107.132,114.396
workload_0181,short_context,99.865,91.169,91.597,88.384,95.506,106.535
workload_0182,medium_context,96.252,104.446,95.562,104.145,112.389,103.47
workload_0183,long_context,103.611,100.898,103.389,107.202,114.039,111.834
workload_0184,tool_heavy,116.759,113.469,121.498,119.739,112.268,119.968
workload_0185,short_context,89.814,90.291,100.838,99.41,95.658,97.168
workload_0186,medium_context,86.509,95.643,95.973,101.004,104.344,97.706
workload_0187,long_context,100.354,107.777,107.41,99.966,107.672,113.083
workload_0188,tool_heavy,106.369,110.322,109.989,109.977,119.637,119.593
workload_0189,short_context,98.429,100.482,92.117,93.939,101.447,105.439
workload_0190,medium_context,105.422,99.467,101.233,100.305,99.602,101.977
workload_0191,long_context,108.057,104.084,113.236,111.286,112.608,113.409
workload_0192,tool_heavy,107.155,110.266,113.17,108.77,110.963,119.877
workload_0193,short_context,90.315,90.216,94.587,96.053,101.652,107.246
workload_0194,medium_context,105.797,103.636,104.26,94.887,111.615,101.972
workload_0195,long_context,102.306,98.477,107.416,103.009,110.585,112.883
workload_0196,tool_heavy,111.949,114.821,116.462,112.46,115.411,101.779
workload_0197,short_context,94.081,95.513,102.922,97.987,103.119,96.154
workload_0198,medium_context,94.435,91.095,96.035,100.014,109.359,105.508
workload_0199,long_context,112.023,107.788,105.167,109.741,110.583,106.853
workload_0200,tool_heavy,112.636,113.144,112.248,120.842,106.961,110.411
workload_0201,short_context,86.997,94.381,102.233,93.532,97.248,98.222
workload_0202,medium_context,99.955,101.183,100.485,105.167,113.646,101.582
workload_0203,long_context,100.879,104.353,99.869,105.992,112.499,102.86
workload_0204,tool_heavy,117.176,112.244,107.078,106.808,107.078,115.88
workload_0205,short_context,88.665,97.448,95.585,96.816,98.816,94.78
workload_0206,medium_context,101.28,95.077,102.729,106.156,95.717,105.755
workload_0207,long_context,98.626,116.586,108.959,103.694,106.713,106.705
workload_0208,tool_heavy,117.504,106.166,106.581,120.628,109.872,108.984
workload_0209,short_context,103.062,92.361,95.265,97.521,97.906,93.31
workload_0210,medium_context,105.894,99.667,100.152,104.706,95.425,100.36
workload_0211,long_context,107.201,113.914,104.153,113.323,101.509,109.575
workload_0212,tool_heavy,106.578,109.638,102.472,107.281,111.389,116.734
workload_0213,short_context,91.084,102.019,85.909,96.369,94.262,99.671
workload_0214,medium_context,98.473,92.953,106.534,91.395,98.128,102.479
workload_0215,long_context,105.886,108.43,105.995,106.076,104.662,106.269
workload_0216,tool_heavy,109.285,112.265,106.327,117.857,118.429,112.629
workload_0217,short_context,93.252,95.325,95.375,97.501,100.512,106.827
workload_0218,medium_context,103.528,107.468,94.304,106.871,98.512,107.867
workload_0219,long_context,109.244,99.78,103.207,105.956,106.092,113.361
workload_0220,tool_heavy,113.211,104.595,117.126,110.547,117.677,115.08
workload_0221,short_context,92.003,96.662,94.713,96.034,94.699,100.711
workload_0222,medium_context,91.471,98.508,100.515,111.122,96.586,100.377
workload_0223,long_context,108.59,107.88,101.844,109.682,107.108,102.995
workload_0224,tool_heavy,111.899,108.022,115.407,109.791,111.239,119.071
workload_0225,short_context,87.588,93.097,103.302,97.127,99.663,100.816
workload_0226,medium_context,101.162,94.385,106.051,98.383,100.213,100.885
workload_0227,long_context,96.947,112.635,112.361,114.869,104.613,111.648
workload_0228,tool_heavy,105.104,112.118,109.497,118.642,109.213,117.808
workload_0229,short_context,94.218,104.738,96.33,99.636,92.265,99.817
workload_0230,medium_context,89.737,95.702,100.719,97.472,97.593,96.701
workload_0231,long_context,110.109,98.443,115.588,103.888,107.106,105.487
workload_0232,tool_heavy,118.313,108.739,114.104,108.221,111.484,106.591
workload_0233,short_context,95.651,90.775,95.663,93.379,102.623,108.143
workload_0234,medium_context,94.644,95.234,96.042,106.631,97.024,99.017
workload_0235,long_context,104.31,108.042,102.985,109.978,111.457,107.005
workload_0236,tool_heavy,108.11,121.224,101.163,109.473,115.366,116.894
workload_0237,short_context,96.88,95.349,105.697,102.831,103.034,102.355
workload_0238,medium_context,94.86,96.983,101.845,108.36,107.266,105.195
workload_0239,long_context,108.161,101.548,109.012,105.713,107.398,107.199
workload_0240,tool_heavy,116.335,108.346,114.656,117.628,110.586,119.448
workload_0241,short_context,96.371,95.322,93.941,97.461,101.017,97.954
workload_0242,medium_context,93.049,97.1,104.848,97.838,105.346,98.519
workload_0243,long_context,107.97,114.872,102.376,107.885,111.672,110.794
workload_0244,tool_heavy,114.156,105.216,111.708,111.341,111.513,103.806
workload_0245,short_context,92.002,105.131,90.801,96.926,99.484,101.094
workload_0246,medium_context,96.033,98.003,95.528,106.864,96.313,103.099
workload_0247,long_context,102.432,99.863,106.397,104.72,101.304,108.957
workload_0248,tool_heavy,111.755,112.913,118.458,114.699,108.834,115.949
workload_0249,short_context,85.682,100.638,91.726,97.012,101.326,98.691
workload_0250,medium_context,97.952,99.175,104.769,100.069,102.682,104.834
workload_0251,long_context,98.738,109.177,101.987,109.004,110.316,114.107
workload_0252,tool_heavy,105.865,111.001,115.458,115.074,115.185,121.35
workload_0253,short_context,95.692,100.398,93.847,96.117,91.017,105.39
workload_0254,medium_context,91.601,101.106,98.166,101.022,101.344,95.555
workload_0255,long_context,110.656,102.523,108.096,113.389,110.487,107.812
workload_0256,tool_heavy,108.441,110.865,112.843,109.458,113.263,117.327
workload_0257,short_context,99.051,89.653,85.55,99.442,101.483,92.512
workload_0258,medium_context,96.118,99.013,104.677,101.536,101.427,108.168
workload_0259,long_context,111.044,109.955,105.057,107.806,107.193,105.633
workload_0260,tool_heavy,114.172,110.953,115.81,114.543,110.911,115.243
workload_0261,short_context,93.369,100.102,89.304,103.448,86.013,98.428
workload_0262,medium_context,100.406,105.602,92.41,97.29,108.042,95.18
workload_0263,long_context,104.293,108.778,112.228,108.922,113.826,101.595
workload_0264,tool_heavy,116.024,115.006,117.41,103.805,115.398,115.458
workload_0265,short_context,94.41,96.098,91.021,100.558,105.275,95.322
workload_0266,medium_context,96.857,97.043,112.211,101.794,103.398,108.971
workload_0267,long_context,106.995,108.776,104.399,110.828,108.014,108.081
workload_0268,tool_heavy,111.698,112.979,108.322,117.645,109.55,118.506
workload_0269,short_context,94.296,92.16,95.615,108.383,101.951,100.459
workload_0270,medium_context,104.177,93.903,101.311,103.0,102.417,106.302
workload_0271,long_context,105.291,109.408,99.522,112.698,104.582,113.107
workload_0272,tool_heavy,115.855,115.49,115.379,110.481,111.18,119.56
workload_0273,short_context,91.535,94.514,98.717,93.503,100.576,94.658
workload_0274,medium_context,109.26,98.693,104.142,100.886,101.07,103.355
workload_0275,long_context,102.185,99.675,99.344,106.032,109.446,111.924
workload_0276,tool_heavy,112.174,113.692,107.901,111.964,117.038,119.888
workload_0277,short_context,86.03,99.877,96.66,93.944,99.985,101.846
workload_0278,medium_context,101.101,97.092,99.138,97.261,98.852,98.134
workload_0279,long_context,103.402,107.391,102.004,110.491,101.466,107.965
workload_0280,tool_heavy,107.145,102.806,107.167,115.191,105.355,117.448
workload_0281,short_context,94.572,88.923,98.167,97.348,92.998,102.791
workload_0282,medium_context,107.416,107.071,102.668,106.944,103.992,104.718
workload_0283,long_context,108.109,111.273,106.45,110.866,114.677,107.567
workload_0284,tool_heavy,110.801,103.175,99.616,111.444,117.393,113.315
workload_0285,short_context,92.895,106.579,85.857,97.31,99.034,101.107
workload_0286,medium_context,97.308,93.469,95.332,98.654,106.399,104.625
workload_0287,long_context,106.465,114.496,102.686,101.697,107.753,105.195
workload_0288,tool_heavy,114.407,120.601,113.892,123.695,113.775,124.163
workload_0289,short_context,94.882,89.33,93.812,107.989,101.009,97.596
workload_0290,medium_context,100.087,97.516,105.623,94.747,99.916,97.679
workload_0291,long_context,106.138,105.685,107.221,111.086,110.538,111.237
workload_0292,tool_heavy,104.566,105.46,111.841,108.862,117.29,117.496
workload_0293,short_context,91.828,94.951,91.263,101.622,98.251,97.438
workload_0294,medium_context,85.491,102.401,99.539,98.708,108.819,104.712
workload_0295,long_context,101.988,99.067,102.227,109.956,110.419,110.725
workload_0296,tool_heavy,114.78,110.986,113.84,114.257,111.709,119.075
workload_0297,short_context,94.135,91.859,87.286,102.11,87.851,92.703
workload_0298,medium_context,95.545,97.546,98.208,102.782,108.462,102.469
workload_0299,long_context,95.392,98.092,111.107,100.8,107.077,108.834
workload_0300,tool_heavy,110.457,114.154,110.271,114.76,113.594,119.693
workload_0301,short_context,97.923,97.526,96.566,97.503,106.436,96.588
workload_0302,medium_context,96.302,99.56,95.053,99.941,98.846,100.538
workload_0303,long_context,103.469,104.209,112.28,108.104,104.381,113.002
workload_0304,tool_heavy,112.478,112.209,119.519,116.189,117.219,110.928
workload_0305,short_context,90.605,95.644,101.111,97.116,101.247,91.143
workload_0306,medium_context,94.338,94.02,101.136,98.444,102.65,104.222
workload_0307,long_context,113.395,102.485,109.274,114.1,117.253,106.647
workload_0308,tool_heavy,108.873,113.132,114.36,112.046,108.917,120.942
workload_0309,short_context,89.868,93.92,102.705,102.804,102.453,96.484
workload_0310,medium_context,93.972,106.029,106.428,100.62,107.127,97.332
workload_0311,long_context,107.642,109.458,109.665,107.085,105.136,114.4
workload_0312,tool_heavy,115.42,112.053,116.043,114.503,113.615,121.607
workload_0313,short_context,98.418,99.132,93.643,102.152,97.794,97.194
workload_0314,medium_context,97.541,99.228,100.292,95.706,102.279,101.363
workload_0315,long_context,109.935,109.6,107.812,109.348,115.469,115.237
workload_0316,tool_heavy,117.008,107.455,118.208,110.83,119.665,111.781
workload_0317,short_context,95.825,95.326,92.041,87.818,97.997,89.231
workload_0318,medium_context,88.069,101.362,105.574,105.833,104.166,93.23
workload_0319,long_context,103.923,104.134,108.007,107.329,105.094,110.211
workload_0320,tool_heavy,105.739,120.234,110.062,104.856,115.231,116.082
workload_0321,short_context,89.927,99.159,101.198,99.727,105.223,100.957
workload_0322,medium_context,96.509,100.07,106.664,100.849,99.496,112.418
workload_0323,long_context,103.488,103.845,101.814,109.884,116.979,114.85
workload_0324,tool_heavy,110.456,105.247,108.796,109.957,110.807,116.408
workload_0325,short_context,95.76,88.598,98.223,92.376,99.847,95.509
workload_0326,medium_context,103.999,103.247,96.947,101.497,94.199,104.291
workload_0327,long_context,105.432,110.088,108.246,108.657,104.834,103.656
workload_0328,tool_heavy,111.36,110.731,117.279,118.926,116.976,115.37
workload_0329,short_context,85.111,103.779,95.223,97.661,105.208,101.696
workload_0330,medium_context,90.843,97.575,101.47,103.916,101.933,103.137
workload_0331,long_context,106.663,99.953,99.05,106.774,116.863,110.308
workload_0332,tool_heavy,105.801,108.36,117.121,117.113,111.549,115.819
workload_0333,short_context,94.395,91.998,92.206,96.598,98.754,99.45
workload_0334,medium_context,94.381,96.824,94.701,104.587,104.926,100.513
workload_0335,long_context,105.845,103.71,111.064,105.66,113.739,111.296
workload_0336,tool_heavy,109.992,105.084,113.004,109.639,110.747,116.271
workload_0337,short_context,95.793,96.598,94.172,93.91,97.367,101.42
workload_0338,medium_context,94.769,103.825,92.444,99.137,100.183,105.546
workload_0339,long_context,102.166,102.714,108.294,108.828,111.764,107.415
workload_0340,tool_heavy,112.365,114.091,108.952,116.55,112.35,111.924
workload_0341,short_context,96.622,95.121,94.955,100.554,95.785,95.564
workload_0342,medium_context,90.524,93.898,99.564,103.458,109.156,96.453
workload_0343,long_context,98.165,96.154,109.208,109.851,111.224,105.511
workload_0344,tool_heavy,110.904,114.218,113.129,113.576,125.484,106.232
workload_0345,short_context,92.466,97.299,89.164,96.529,103.503,100.028
workload_0346,medium_context,108.789,96.875,99.181,104.292,99.276,101.294
workload_0347,long_context,101.119,105.181,102.059,116.458,105.51,114.306
workload_0348,tool_heavy,110.942,117.669,112.731,109.647,116.273,118.166
workload_0349,short_context,86.982,92.936,95.54,90.618,99.002,92.776
workload_0350,medium_context,99.273,99.416,100.395,94.616,100.552,98.029
workload_0351,long_context,98.591,107.008,100.414,110.467,115.18,112.245
workload_0352,tool_heavy,111.479,117.693,122.158,107.272,105.882,120.175
workload_0353,short_context,90.016,89.031,92.535,94.436,89.679,102.758
workload_0354,medium_context,93.546,98.045,106.044,103.443,102.698,105.723
workload_0355,long_context,107.685,106.866,103.571,108.895,105.88,106.779
workload_0356,tool_heavy,105.466,96.791,109.433,121.458,115.542,113.364
workload_0357,short_context,97.56,96.96,104.698,105.513,97.502,96.138
workload_0358,medium_context,101.359,98.135,100.03,102.441,100.954,104.82
workload_0359,long_context,106.24,102.645,102.797,105.863,111.351,112.111
workload_0360,tool_heavy,114.173,116.426,109.659,115.083,119.911,119.32
workload_0361,short_context,110.618,89.562,98.944,88.139,94.72,97.107
workload_0362,medium_context,99.178,96.037,95.242,110.768,100.921,109.454
workload_0363,long_context,107.847,105.175,104.544,101.126,106.959,109.079
workload_0364,tool_heavy,109.027,111.432,113.42,115.631,117.593,111.587
workload_0365,short_context,90.719,94.021,103.552,102.8,99.399,101.776
workload_0366,medium_context,100.451,102.321,98.203,98.443,106.632,97.787
workload_0367,long_context,103.277,101.629,108.16,113.78,107.916,106.018
workload_0368,tool_heavy,118.726,105.195,113.854,108.559,114.4,110.766
workload_0369,short_context,91.347,93.391,94.993,105.267,98.855,102.826
workload_0370,medium_context,98.017,99.283,99.227,110.544,107.646,112.472
workload_0371,long_context,92.681,104.375,106.438,101.986,101.226,110.002
workload_0372,tool_heavy,110.173,107.457,112.542,108.447,118.527,121.515
workload_0373,short_context,94.606,91.622,86.001,100.995,95.048,100.989
workload_0374,medium_context,98.925,95.602,97.078,97.928,106.195,101.812
workload_0375,long_context,108.945,113.181,107.089,111.468,114.088,117.163
workload_0376,tool_heavy,109.642,108.432,112.628,108.639,117.102,110.844
workload_0377,short_context,98.555,99.22,98.682,90.388,95.192,95.56
workload_0378,medium_context,94.035,95.441,105.627,102.315,96.653,107.336
workload_0379,long_context,101.985,105.956,102.513,104.705,103.548,112.62
workload_0380,tool_heavy,114.044,103.874,109.968,110.918,120.528,112.532
workload_0381,short_context,93.548,95.791,95.762,94.435,92.652,100.704
workload_0382,medium_context,100.235,105.254,96.798,104.13,110.036,99.118
workload_0383,long_context,101.035,106.825,104.876,99.876,111.713,110.385
workload_0384,tool_heavy,115.382,108.632,107.509,113.542,112.877,124.318
workload_0385,short_context,96.987,86.389,97.847,97.663,101.497,106.47
workload_0386,medium_context,108.187,101.511,108.118,107.396,105.404,99.246
workload_0387,long_context,98.581,109.46,108.04,105.607,106.616,113.088
workload_0388,tool_heavy,114.101,109.499,112.609,110.163,117.83,110.984
workload_0389,short_context,86.916,97.946,95.047,97.659,94.318,98.991
workload_0390,medium_context,99.583,96.718,108.14,94.717,100.769,101.288
workload_0391,long_context,105.537,106.791,109.891,114.189,104.149,116.676
workload_0392,tool_heavy,108.304,103.792,110.541,114.5,115.903,113.774
workload_0393,short_context,89.627,93.431,103.525,96.036,97.809,94.135
workload_0394,medium_context,99.751,99.979,100.13,104.947,102.577,104.316
workload_0395,long_context,104.803,102.852,103.655,108.099,108.344,105.96
workload_0396,tool_heavy,112.364,105.952,114.187,121.005,116.204,109.598
workload_0397,short_context,92.96,94.37,98.618,91.712,102.977,99.247
workload_0398,medium_context,89.304,99.515,105.908,99.923,99.893,109.486
workload_0399,long_context,112.859,99.019,103.444,105.599,114.124,108.392
workload_0400,tool_heavy,106.983,102.432,112.0,118.195,114.5,116.271
workload_0401,short_context,100.245,97.435,98.863,95.207,95.684,99.426
workload_0402,medium_context,97.556,107.127,98.206,95.897,96.94,99.516
workload_0403,long_context,107.393,102.584,106.808,104.836,116.317,105.354
workload_0404,tool_heavy,113.099,112.729,111.331,120.609,111.631,111.177
workload_0405,short_context,97.696,100.138,95.655,107.682,97.092,90.281
workload_0406,medium_context,96.114,108.377,99.716,107.375,100.247,105.563
workload_0407,long_context,103.205,103.518,101.53,96.245,104.767,103.169
workload_0408,tool_heavy,115.319,114.134,118.106,119.651,110.706,118.301
workload_0409,short_context,94.199,100.462,95.36,95.461,95.646,95.03
workload_0410,medium_context,103.205,105.307,99.876,102.163,106.862,97.272
workload_0411,long_context,106.374,108.836,101.126,103.475,113.815,112.091
workload_0412,tool_heavy,109.004,113.617,121.095,117.383,118.82,112.837
workload_0413,short_context,95.457,85.639,98.914,93.236,100.503,98.603
workload_0414,medium_context,100.646,102.42,95.08,103.734,99.504,105.156
workload_0415,long_context,102.774,102.671,103.476,113.245,105.945,111.321
workload_0416,tool_heavy,109.592,117.533,113.623,105.386,111.738,114.904
workload_0417,short_context,100.268,94.759,101.436,95.99,98.692,98.871
workload_0418,medium_context,95.779,100.855,99.477,100.735,109.95,105.559
workload_0419,long_context,102.24,104.081,115.835,95.277,109.666,105.152
workload_0420,tool_heavy,112.91,110.075,108.422,115.997,114.35,110.264
workload_0421,short_context,93.76,99.445,97.103,92.794,90.5,94.456
workload_0422,medium_context,100.528,101.837,98.993,108.459,93.338,100.273
workload_0423,long_context,105.163,113.885,102.833,111.04,110.264,109.591
workload_0424,tool_heavy,112.567,100.88,107.292,115.55,110.253,120.254
workload_0425,short_context,100.192,97.418,96.318,97.188,95.32,90.968
workload_0426,medium_context,99.275,98.891,101.923,102.755,103.33,98.164
workload_0427,long_context,111.632,108.095,106.724,104.923,106.932,105.223
workload_0428,tool_heavy,118.57,111.754,107.005,112.376,117.899,117.021
workload_0429,short_context,95.639,94.333,97.092,95.88,94.92,96.196
workload_0430,medium_context,105.232,91.386,106.955,106.323,102.394,101.665
workload_0431,long_context,107.043,105.172,104.676,108.438,108.976,107.604
workload_0432,tool_heavy,116.81,110.144,115.717,114.555,114.634,112.339
workload_0433,short_context,95.374,94.541,100.085,92.393,99.02,101.716
workload_0434,medium_context,100.958,104.451,100.357,87.093,98.339,109.271
workload_0435,long_context,104.727,105.09,103.077,108.311,113.979,106.13
workload_0436,tool_heavy,108.09,123.706,108.243,118.178,123.737,112.398
workload_0437,short_context,99.814,102.127,101.02,97.781,101.86,100.703
workload_0438,medium_context,100.675,100.091,100.3,98.368,100.644,97.109
workload_0439,long_context,108.71,105.293,108.319,108.0,107.343,113.846
workload_0440,tool_heavy,106.875,111.38,111.316,114.732,119.25,116.458
workload_0441,short_context,89.536,87.664,98.529,96.66,85.714,96.887
workload_0442,medium_context,98.972,94.995,96.364,102.694,104.645,104.915
workload_0443,long_context,103.888,104.424,101.847,102.34,109.264,103.814
workload_0444,tool_heavy,108.761,116.801,113.467,118.092,120.454,118.873
workload_0445,short_context,94.08,91.897,100.526,95.084,94.041,95.887
workload_0446,medium_context,92.864,105.205,105.754,107.539,103.269,111.467
workload_0447,long_context,103.09,107.504,112.528,110.863,109.644,107.47
workload_0448,tool_heavy,104.777,108.246,114.508,113.734,118.394,110.027
workload_0449,short_context,95.501,89.127,97.946,101.582,100.564,94.491
workload_0450,medium_context,101.626,95.353,93.718,102.933,91.765,107.885
workload_0451,long_context,111.685,110.039,109.171,106.098,112.235,104.757
workload_0452,tool_heavy,113.917,110.93,107.537,122.296,120.616,120.778
workload_0453,short_context,89.423,90.931,94.005,93.584,102.493,88.688
workload_0454,medium_context,95.891,90.774,100.153,97.988,103.12,105.39
workload_0455,long_context,102.199,105.58,111.702,107.572,115.232,106.899
workload_0456,tool_heavy,111.141,111.831,108.932,108.633,109.317,124.543
workload_0457,short_context,90.022,97.748,101.114,95.997,112.564,95.223
workload_0458,medium_context,95.649,106.898,101.786,102.955,108.95,103.942
workload_0459,long_context,102.353,108.787,112.566,102.034,110.022,99.033
workload_0460,tool_heavy,101.032,107.076,116.356,109.263,116.499,111.639
workload_0461,short_context,91.018,99.306,93.78,93.375,99.954,107.549
workload_0462,medium_context,99.02,102.248,95.063,108.538,100.448,102.892
workload_0463,long_context,109.499,107.327,104.487,102.918,102.81,115.095
workload_0464,tool_heavy,99.19,105.91,114.931,116.17,114.106,107.638
workload_0465,short_context,84.455,96.763,101.608,94.953,94.811,104.772
workload_0466,medium_context,99.011,104.654,98.501,106.575,101.003,109.928
workload_0467,long_context,105.277,109.648,108.248,110.658,118.231,109.782
workload_0468,tool_heavy,110.054,104.693,114.545,105.397,111.662,120.944
workload_0469,short_context,89.54,94.013,99.775,91.788,94.447,101.692
workload_0470,medium_context,96.339,100.234,102.062,102.001,97.16,99.144
workload_0471,long_context,99.379,112.597,103.403,101.523,95.851,114.129
workload_0472,tool_heavy,109.666,110.313,108.725,112.912,113.08,107.397
workload_0473,short_context,98.535,93.231,98.741,90.802,90.878,100.27
workload_0474,medium_context,99.331,101.42,92.733,106.329,108.383,105.014
workload_0475,long_context,110.386,93.032,106.449,107.855,109.187,117.179
workload_0476,tool_heavy,111.294,112.042,105.66,110.16,111.927,111.918
workload_0477,short_context,85.202,93.893,91.588,90.451,91.907,94.697
workload_0478,medium_context,96.709,99.007,101.008,101.868,104.385,104.84
workload_0479,long_context,103.704,98.489,101.013,102.681,111.683,106.748
workload_0480,tool_heavy,112.576,114.591,108.374,108.344,121.552,118.506
workload_0481,short_context,93.603,91.648,97.732,90.088,93.709,103.476
workload_0482,medium_context,82.897,94.244,97.211,93.322,107.153,100.521
workload_0483,long_context,108.852,101.685,106.811,105.549,114.491,109.193
workload_0484,tool_heavy,110.058,114.545,109.959,118.447,121.332,119.793
workload_0485,short_context,94.93,95.053,90.402,93.481,94.653,97.118
workload_0486,medium_context,90.558,103.318,106.254,104.932,92.618,110.086
workload_0487,long_context,100.483,110.523,114.37,114.967,99.665,110.38
workload_0488,tool_heavy,116.51,112.711,119.467,117.608,122.711,117.861
workload_0489,short_context,93.138,100.037,95.501,89.489,102.907,102.98
workload_0490,medium_context,108.421,100.397,99.843,99.461,107.08,105.731
workload_0491,long_context,97.046,101.45,109.842,97.374,105.099,108.618
workload_0492,tool_heavy,109.806,110.258,114.744,115.205,110.026,115.731
workload_0493,short_context,89.66,93.823,95.256,91.43,95.832,102.172
workload_0494,medium_context,95.774,98.484,103.248,112.822,102.712,103.515
workload_0495,long_context,104.079,107.795,104.158,107.849,103.614,106.743
workload_0496,tool_heavy,114.07,106.347,103.268,116.984,110.642,105.49
workload_0497,short_context,94.896,95.164,98.904,94.952,104.891,105.398
workload_0498,medium_context,99.353,92.216,109.035,101.074,106.666,105.741
workload_0499,long_context,99.593,108.674,88.447,107.266,107.284,103.99
workload_0500,tool_heavy,115.06,110.881,108.407,120.23,112.797,116.661
workload_0501,short_context,94.891,90.794,98.149,100.177,101.943,97.078
workload_0502,medium_context,105.592,108.353,98.315,100.848,102.535,99.876
workload_0503,long_context,109.98,106.344,110.057,108.364,103.455,99.443
workload_0504,tool_heavy,107.113,113.553,117.342,110.055,113.232,110.132
workload_0505,short_context,86.344,93.025,98.831,96.535,103.53,98.922
workload_0506,medium_context,98.473,102.248,98.94,110.151,107.87,112.875
workload_0507,long_context,102.31,100.621,106.05,114.309,106.441,112.6
workload_0508,tool_heavy,110.576,101.372,110.916,112.555,121.299,126.692
workload_0509,short_context,95.922,100.332,93.368,94.323,86.543,90.523
workload_0510,medium_context,103.123,105.551,98.891,102.928,99.002,106.357
workload_0511,long_context,105.845,99.039,107.774,105.014,104.143,111.209
workload_0512,tool_heavy,109.465,113.214,106.829,116.201,116.525,116.029
workload_0513,short_context,91.071,99.948,91.242,98.344,91.965,102.094
workload_0514,medium_context,96.788,96.599,104.06,100.089,103.283,92.553
workload_0515,long_context,99.746,104.739,105.385,112.636,95.75,108.913
workload_0516,tool_heavy,116.688,111.595,115.208,112.811,114.095,117.41
workload_0517,short_context,86.635,90.015,93.553,101.868,101.247,94.717
workload_0518,medium_context,100.654,96.073,99.841,106.411,100.469,102.496
workload_0519,long_context,104.342,104.76,108.788,109.77,104.775,111.495
workload_0520,tool_heavy,107.135,117.178,107.477,110.287,114.741,113.693
workload_0521,short_context,93.98,95.793,101.857,93.881,100.801,90.689
workload_0522,medium_context,97.485,99.886,105.781,101.528,107.439,105.187
workload_0523,long_context,106.446,101.838,108.263,109.139,105.923,113.124
workload_0524,tool_heavy,110.918,106.201,107.399,114.314,116.251,118.379
workload_0525,short_context,91.83,91.452,97.636,102.068,89.103,102.223
workload_0526,medium_context,100.258,100.211,106.96,103.22,104.177,101.799
workload_0527,long_context,105.229,95.225,112.867,98.162,115.684,108.617
workload_0528,tool_heavy,105.165,112.362,112.432,111.895,112.048,113.408
workload_0529,short_context,96.655,98.818,102.068,100.67,92.515,92.966
workload_0530,medium_context,99.957,104.58,100.917,102.822,94.488,101.904
workload_0531,long_context,107.62,101.18,105.312,113.042,108.844,111.139
workload_0532,tool_heavy,116.174,112.037,114.202,113.76,127.901,118.3
workload_0533,short_context,89.845,85.854,100.652,105.193,97.535,96.155
workload_0534,medium_context,99.355,101.099,101.03,105.332,105.035,104.788
workload_0535,long_context,107.281,98.36,107.418,101.892,113.272,102.436
workload_0536,tool_heavy,114.397,109.23,107.281,117.885,120.849,116.03
workload_0537,short_context,98.824,91.509,93.089,101.936,101.586,101.363
workload_0538,medium_context,95.512,104.882,99.953,105.255,104.486,108.239
workload_0539,long_context,106.693,105.784,114.392,105.706,109.727,108.078
workload_0540,tool_heavy,110.112,113.44,117.684,115.792,114.214,117.749
workload_0541,short_context,99.206,93.365,91.992,98.727,99.229,99.41
workload_0542,medium_context,102.394,103.74,92.541,100.63,101.727,100.181
workload_0543,long_context,105.863,107.15,106.028,107.048,114.798,105.483
workload_0544,tool_heavy,105.803,114.906,109.802,111.102,110.593,118.367
workload_0545,short_context,95.5,91.279,94.334,96.197,99.766,97.873
workload_0546,medium_context,98.918,105.127,94.532,97.855,96.716,104.386
workload_0547,long_context,104.931,114.589,96.989,112.614,107.522,106.506
workload_0548,tool_heavy,113.747,108.717,110.107,109.764,113.855,112.51
workload_0549,short_context,93.288,93.467,102.886,101.171,96.694,92.224
workload_0550,medium_context,103.364,96.241,106.824,103.408,104.006,100.064
workload_0551,long_context,97.266,102.912,102.368,109.798,109.76,107.462
workload_0552,tool_heavy,112.197,109.447,114.687,114.15,118.649,113.993
workload_0553,short_context,99.168,101.421,94.168,96.66,97.348,105.002
workload_0554,medium_context,95.842,91.241,106.311,102.182,102.241,101.121
workload_0555,long_context,108.41,113.972,106.236,102.972,104.122,104.557
workload_0556,tool_heavy,116.311,116.845,119.327,110.606,114.031,113.81
workload_0557,short_context,89.945,96.803,103.54,103.912,93.062,93.727
workload_0558,medium_context,93.604,109.132,101.85,103.899,104.265,103.236
workload_0559,long_context,106.057,103.908,107.908,102.119,113.514,116.783
workload_0560,tool_heavy,116.109,109.313,115.329,108.43,112.955,117.947
workload_0561,short_context,100.671,104.189,99.911,93.638,92.965,99.115
workload_0562,medium_context,101.333,101.353,96.232,103.433,102.551,107.635
workload_0563,long_context,98.955,107.922,104.641,110.351,101.957,117.115
workload_0564,tool_heavy,114.813,102.356,106.768,105.137,110.336,114.188
workload_0565,short_context,84.937,94.622,96.853,99.355,99.879,95.779
workload_0566,medium_context,105.586,108.308,101.514,100.652,98.202,101.866
workload_0567,long_context,106.316,106.651,102.664,103.996,110.311,118.121
workload_0568,tool_heavy,100.52,113.41,116.749,116.128,111.698,116.463
workload_0569,short_context,95.312,88.138,97.635,99.723,99.448,101.793
workload_0570,medium_context,93.515,99.983,97.581,93.579,102.855,101.011
workload_0571,long_context,113.338,103.963,102.451,107.342,108.424,111.099
workload_0572,tool_heavy,110.488,112.012,110.342,114.8,115.741,109.955
workload_0573,short_context,93.64,102.695,96.192,96.976,100.189,106.665
workload_0574,medium_context,101.215,95.929,104.346,96.749,101.094,104.469
workload_0575,long_context,106.678,101.33,113.89,95.941,110.893,111.353
workload_0576,tool_heavy,112.481,115.834,111.128,116.225,110.256,117.856
workload_0577,short_context,90.671,95.211,97.023,98.777,94.732,97.442
workload_0578,medium_context,94.622,97.997,98.856,104.941,99.689,103.852
workload_0579,long_context,104.954,104.762,108.866,104.002,105.641,110.275
workload_0580,tool_heavy,109.387,112.596,105.106,111.898,110.407,117.756
workload_0581,short_context,95.544,94.771,99.654,98.783,98.475,106.293
workload_0582,medium_context,88.053,108.93,97.144,97.689,96.644,102.227
workload_0583,long_context,101.026,112.676,108.762,104.178,101.48,105.217
workload_0584,tool_heavy,118.357,111.198,111.806,101.869,114.3,121.721
workload_0585,short_context,89.057,85.458,92.457,95.183,93.39,105.743
workload_0586,medium_context,102.338,96.604,105.434,98.052,105.855,104.538
workload_0587,long_context,109.528,104.183,101.719,105.393,112.039,108.809
workload_0588,tool_heavy,102.807,109.295,117.378,113.158,117.781,105.957
workload_0589,short_context,92.489,93.884,103.035,90.842,94.855,92.336
workload_0590,medium_context,97.463,100.964,113.29,97.909,103.796,102.688
workload_0591,long_context,111.52,107.225,101.962,110.479,101.235,103.669
workload_0592,tool_heavy,112.983,107.074,114.765,107.153,116.496,117.239
workload_0593,short_context,87.248,90.77,97.129,94.572,100.886,99.237
workload_0594,medium_context,103.549,105.149,92.24,105.456,109.574,100.12
workload_0595,long_context,103.283,105.029,99.393,104.219,104.632,109.585
workload_0596,tool_heavy,111.881,113.703,104.804,118.908,113.581,117.948
workload_0597,short_context,93.214,91.274,91.903,97.07,94.39,101.23
workload_0598,medium_context,95.813,94.282,105.003,102.47,99.649,105.17
workload_0599,long_context,108.808,105.923,110.068,106.938,103.456,104.538
workload_0600,tool_heavy,114.603,112.593,114.673,112.529,117.024,115.067
workload_0601,short_context,93.035,96.434,100.945,97.829,99.959,99.57
workload_0602,medium_context,102.474,91.779,100.047,111.569,101.301,96.67
workload_0603,long_context,105.753,106.307,112.835,117.226,111.263,112.885
workload_0604,tool_heavy,105.993,109.268,110.415,108.853,118.83,114.533
workload_0605,short_context,100.491,95.745,92.654,99.126,101.344,97.277
workload_0606,medium_context,103.375,98.663,93.923,98.901,97.471,101.21
workload_0607,long_context,103.684,108.759,113.342,105.972,115.26,119.345
workload_0608,tool_heavy,109.535,114.033,114.273,115.618,111.448,111.009
workload_0609,short_context,91.515,85.119,91.107,97.918,105.289,101.63
workload_0610,medium_context,101.337,101.037,103.573,106.473,100.346,103.272
workload_0611,long_context,100.449,103.031,111.189,92.152,109.028,107.279
workload_0612,tool_heavy,115.767,111.413,112.033,110.039,113.767,112.628
workload_0613,short_context,88.028,92.35,99.732,100.544,84.68,95.719
workload_0614,medium_context,90.858,101.208,97.942,99.048,97.701,109.785
workload_0615,long_context,109.831,106.649,108.697,104.574,105.486,108.059
workload_0616,tool_heavy,105.319,108.874,112.253,107.843,119.378,122.37
workload_0617,short_context,97.777,89.9,106.72,91.136,98.477,101.561
workload_0618,medium_context,101.537,97.48,112.607,110.361,101.808,104.124
workload_0619,long_context,109.11,104.828,97.429,101.741,115.77,111.923
workload_0620,tool_heavy,114.581,112.84,112.641,114.589,116.79,116.043
workload_0621,short_context,93.412,98.541,99.756,97.971,95.32,99.046
workload_0622,medium_context,97.209,100.965,98.494,103.826,103.536,106.79
workload_0623,long_context,102.437,100.684,110.454,106.133,113.974,115.689
workload_0624,tool_heavy,105.841,102.176,115.172,104.404,113.389,109.014
workload_0625,short_context,92.517,98.606,94.193,98.959,100.197,96.399
workload_0626,medium_context,94.32,98.342,99.115,106.917,98.722,107.444
workload_0627,long_context,103.77,108.648,107.754,102.656,103.883,117.141
workload_0628,tool_heavy,118.183,110.0,117.097,118.584,101.131,116.592
workload_0629,short_context,91.028,97.898,96.848,106.838,95.641,89.665
workload_0630,medium_context,102.936,98.92,100.152,106.834,106.216,100.203
workload_0631,long_context,105.284,105.007,109.254,110.848,107.067,117.97
workload_0632,tool_heavy,113.551,114.644,111.915,113.37,122.554,124.49
workload_0633,short_context,95.286,95.653,98.776,101.723,101.82,97.488
workload_0634,medium_context,88.709,107.182,101.86,103.03,97.64,106.799
workload_0635,long_context,101.298,104.193,103.819,100.55,111.355,109.496
workload_0636,tool_heavy,117.942,110.494,114.45,117.03,111.84,115.911
workload_0637,short_context,89.426,97.467,98.849,88.93,107.485,93.795
workload_0638,medium_context,102.716,96.491,93.384,103.487,94.28,103.9
workload_0639,long_context,102.372,96.604,112.913,113.028,107.017,114.289
workload_0640,tool_heavy,106.293,113.158,112.338,102.3,117.385,111.23
workload_0641,short_context,97.278,97.939,100.223,92.72,92.734,106.966
workload_0642,medium_context,97.319,92.526,106.55,101.889,103.48,106.615
workload_0643,long_context,118.068,113.219,105.7,108.432,115.351,114.557
workload_0644,tool_heavy,111.561,110.987,115.201,106.459,121.731,112.023
workload_0645,short_context,93.039,95.264,97.002,90.814,96.583,98.598
workload_0646,medium_context,106.016,100.621,102.676,97.524,95.228,103.777
workload_0647,long_context,103.872,105.072,108.916,109.917,107.675,108.091
workload_0648,tool_heavy,120.216,114.628,108.012,112.644,117.846,111.789
workload_0649,short_context,93.015,97.645,101.16,95.927,91.241,90.409
workload_0650,medium_context,93.979,100.044,101.462,102.389,106.173,98.415
workload_0651,long_context,113.991,105.995,109.09,104.086,111.104,110.699
workload_0652,tool_heavy,108.227,105.358,113.515,107.203,116.597,115.546
workload_0653,short_context,94.837,89.373,95.178,98.321,106.026,97.797
workload_0654,medium_context,100.242,102.896,103.58,102.01,108.372,110.718
workload_0655,long_context,112.704,105.401,112.851,108.731,101.146,105.528
workload_0656,tool_heavy,113.499,112.321,106.914,117.42,112.725,115.504
workload_0657,short_context,99.793,94.972,94.237,93.951,97.441,96.422
workload_0658,medium_context,106.094,103.897,111.314,106.616,108.695,101.449
workload_0659,long_context,107.857,103.543,105.212,106.501,104.312,110.727
workload_0660,tool_heavy,110.243,114.461,111.146,115.997,113.172,122.082
workload_0661,short_context,92.065,91.708,98.027,93.517,92.768,92.49
workload_0662,medium_context,102.925,101.217,99.306,102.204,104.745,110.023
workload_0663,long_context,111.17,108.911,106.227,112.772,113.133,112.772
workload_0664,tool_heavy,111.064,103.614,111.259,110.589,119.287,115.748
workload_0665,short_context,95.89,94.638,100.273,95.37,93.758,106.232
workload_0666,medium_context,107.561,98.37,103.651,97.875,99.116,107.147
workload_0667,long_context,95.167,106.481,102.469,109.562,104.29,114.211
workload_0668,tool_heavy,113.392,114.411,120.558,113.032,107.78,113.914
workload_0669,short_context,96.576,93.665,97.937,93.023,103.603,105.33
workload_0670,medium_context,96.775,97.194,96.168,111.455,106.778,101.713
workload_0671,long_context,111.927,113.618,107.133,106.324,115.246,109.802
workload_0672,tool_heavy,108.36,114.909,109.92,110.058,97.451,107.07
workload_0673,short_context,92.068,90.332,102.74,103.151,99.483,92.993
workload_0674,medium_context,108.115,111.678,100.491,100.804,98.272,106.653
workload_0675,long_context,104.039,98.473,112.504,102.902,105.251,104.357
workload_0676,tool_heavy,108.126,109.608,113.136,111.853,109.292,115.525
workload_0677,short_context,87.675,94.106,96.549,103.328,100.894,100.944
workload_0678,medium_context,87.806,95.342,94.493,103.112,95.387,101.166
workload_0679,long_context,106.633,108.833,107.572,104.528,110.688,106.465
workload_0680,tool_heavy,101.598,108.822,113.395,112.041,114.932,109.988
workload_0681,short_context,101.714,95.305,93.484,101.843,95.095,95.033
workload_0682,medium_context,102.067,97.47,108.098,103.637,105.106,101.824
workload_0683,long_context,107.785,120.069,101.77,102.116,115.709,106.888
workload_0684,tool_heavy,117.548,108.435,110.556,114.545,116.513,108.83
workload_0685,short_context,103.197,97.729,94.72,97.433,97.732,110.336
workload_0686,medium_context,94.991,105.552,99.633,110.237,101.172,101.717
workload_0687,long_context,101.695,102.509,103.528,112.958,107.625,107.883
workload_0688,tool_heavy,106.846,120.559,115.356,112.64,114.841,112.705
workload_0689,short_context,92.429,90.025,98.168,94.394,99.64,94.43
workload_0690,medium_context,94.313,102.163,96.867,108.39,102.855,91.199
workload_0691,long_context,111.208,107.029,103.492,109.074,108.924,118.258
workload_0692,tool_heavy,109.91,121.686,108.391,118.443,116.444,113.655
workload_0693,short_context,95.149,92.491,91.375,97.656,100.596,96.012
workload_0694,medium_context,101.923,96.911,100.975,106.009,101.807,102.616
workload_0695,long_context,106.686,115.963,103.383,112.27,107.74,102.592
workload_0696,tool_heavy,101.683,114.945,120.508,115.523,110.878,124.53
workload_0697,short_context,87.618,95.093,98.01,96.807,98.359,102.811
workload_0698,medium_context,107.326,106.532,101.524,99.556,100.318,103.475
workload_0699,long_context,103.016,102.42,108.634,102.113,102.644,113.533
workload_0700,tool_heavy,109.035,102.234,125.189,115.43,112.902,105.447
workload_0701,short_context,88.142,98.329,95.434,94.36,94.601,91.061
workload_0702,medium_context,106.841,100.629,100.564,100.906,104.882,115.344
workload_0703,long_context,106.089,108.073,117.199,111.235,117.107,101.989
workload_0704,tool_heavy,106.948,116.79,112.845,113.704,109.035,112.644
workload_0705,short_context,90.552,90.586,97.574,92.752,102.49,97.141
workload_0706,medium_context,95.383,100.842,99.607,100.866,95.975,101.329
workload_0707,long_context,111.947,100.059,100.963,107.709,109.346,104.781
workload_0708,tool_heavy,109.942,116.061,106.754,118.946,109.622,119.571
workload_0709,short_context,94.132,95.117,96.093,102.163,94.578,97.868
workload_0710,medium_context,96.947,99.711,99.442,99.251,99.306,95.261
workload_0711,long_context,110.909,102.362,109.688,109.681,110.64,109.886
workload_0712,tool_heavy,118.024,109.573,115.161,107.723,119.139,116.541
workload_0713,short_context,90.531,101.948,100.342,95.943,96.878,97.695
workload_0714,medium_context,97.34,99.787,97.641,98.246,97.929,107.757
workload_0715,long_context,107.42,101.934,112.01,110.219,107.695,100.371
workload_0716,tool_heavy,112.09,110.406,112.506,117.143,110.692,122.392
workload_0717,short_context,98.366,99.442,96.448,101.544,90.944,97.354
workload_0718,medium_context,102.024,99.861,99.888,99.599,104.229,92.077
workload_0719,long_context,108.704,100.643,94.769,106.798,108.264,110.953
workload_0720,tool_heavy,109.525,108.597,110.225,114.186,99.673,120.422
workload_0721,short_context,95.945,96.113,96.629,87.252,100.42,101.778
workload_0722,medium_context,95.238,99.703,100.775,103.595,106.014,104.3
workload_0723,long_context,107.144,107.514,101.134,97.565,108.429,104.701
workload_0724,tool_heavy,115.228,103.868,112.937,105.952,117.456,118.365
workload_0725,short_context,98.101,88.943,98.329,96.824,100.342,105.084
workload_0726,medium_context,98.639,98.378,104.323,95.396,106.637,103.16
workload_0727,long_context,114.169,111.648,114.223,104.383,111.08,109.123
workload_0728,tool_heavy,101.406,110.239,112.343,107.029,112.347,120.329
workload_0729,short_context,88.431,88.874,93.864,102.238,97.789,94.266
workload_0730,medium_context,102.654,95.814,99.659,97.819,101.811,117.374
workload_0731,long_context,106.265,104.969,105.547,113.109,111.794,106.445
workload_0732,tool_heavy,111.653,122.784,122.678,112.415,110.755,108.841
workload_0733,short_context,85.74,95.153,92.224,96.629,94.531,105.724
workload_0734,medium_context,97.954,105.716,103.182,105.113,97.621,103.611
workload_0735,long_context,97.19,103.318,106.739,103.89,116.091,109.128
workload_0736,tool_heavy,108.798,108.405,118.54,112.31,116.953,123.917
workload_0737,short_context,93.824,96.211,90.383,97.736,98.063,96.434
workload_0738,medium_context,102.684,100.125,108.578,94.882,96.933,108.223
workload_0739,long_context,105.674,102.826,103.331,114.041,115.389,110.77
workload_0740,tool_heavy,106.327,119.396,121.127,107.609,113.836,115.943
workload_0741,short_context,98.906,100.258,93.713,96.045,97.373,92.466
workload_0742,medium_context,101.244,94.823,99.589,108.04,102.289,98.765
workload_0743,long_context,105.002,115.268,105.156,115.759,112.059,102.367
workload_0744,tool_heavy,112.596,115.331,109.995,107.298,116.343,112.768
workload_0745,short_context,88.43,90.611,85.425,99.304,92.64,98.827
workload_0746,medium_context,106.726,95.204,102.022,94.33,106.887,94.873
workload_0747,long_context,104.235,100.877,108.212,106.064,115.21,110.44
workload_0748,tool_heavy,110.961,108.944,110.525,110.928,114.01,114.137
workload_0749,short_context,96.525,92.535,97.761,100.665,100.707,88.697
workload_0750,medium_context,98.964,106.595,100.44,100.531,99.753,108.727
workload_0751,long_context,106.979,111.25,112.95,107.079,111.642,113.074
workload_0752,tool_heavy,118.687,113.367,111.869,115.921,118.784,112.705
workload_0753,short_context,93.865,87.525,93.143,99.104,100.524,90.809
workload_0754,medium_context,108.411,96.495,97.068,101.12,99.663,101.866
workload_0755,long_context,109.621,103.315,104.553,103.041,96.761,106.505
workload_0756,tool_heavy,116.137,108.107,113.831,119.667,107.867,125.724
workload_0757,short_context,91.269,99.496,92.237,99.018,107.695,98.174
workload_0758,medium_context,96.108,106.456,97.414,106.787,102.941,102.095
workload_0759,long_context,106.011,110.832,107.508,98.776,112.37,110.398
workload_0760,tool_heavy,112.013,115.362,114.894,117.061,120.119,118.926
workload_0761,short_context,95.814,90.711,95.25,95.122,96.918,97.749
workload_0762,medium_context,104.523,104.297,95.813,102.674,105.955,103.619
workload_0763,long_context,102.194,100.585,115.941,113.112,106.095,109.123
workload_0764,tool_heavy,112.285,112.296,106.449,117.252,113.407,110.882
workload_0765,short_context,95.315,83.847,90.55,93.062,105.874,95.868
workload_0766,medium_context,93.833,102.685,104.606,108.576,103.334,106.287
workload_0767,long_context,102.801,105.737,95.526,107.681,112.379,108.528
workload_0768,tool_heavy,113.048,114.246,114.656,113.449,119.338,112.603
workload_0769,short_context,92.83,91.486,96.114,93.404,101.526,88.77
workload_0770,medium_context,99.486,101.798,91.939,100.611,105.259,113.616
workload_0771,long_context,107.323,100.597,105.402,104.699,109.732,109.399
workload_0772,tool_heavy,105.659,107.81,114.794,117.275,113.017,106.939
workload_0773,short_context,94.295,104.759,99.217,92.2,94.241,104.43
workload_0774,medium_context,94.178,97.593,106.406,99.548,94.656,105.173
workload_0775,long_context,109.063,112.04,111.002,110.493,106.307,112.273
workload_0776,tool_heavy,108.757,109.367,110.823,120.752,111.25,115.741
workload_0777,short_context,96.985,95.311,99.801,94.684,98.011,98.081
workload_0778,medium_context,98.168,105.875,102.473,108.104,108.65,105.7
workload_0779,long_context,104.715,102.766,110.537,105.596,106.818,108.268
workload_0780,tool_heavy,114.513,113.955,120.466,117.376,114.177,113.204
workload_0781,short_context,92.001,98.935,96.578,92.44,94.022,98.222
workload_0782,medium_context,96.379,101.077,101.383,104.614,104.964,106.92
workload_0783,long_context,102.872,107.489,112.544,115.779,114.882,106.187
workload_0784,tool_heavy,110.547,107.942,112.566,115.008,122.1,110.451
workload_0785,short_context,92.802,95.195,96.272,99.061,95.637,97.718
workload_0786,medium_context,100.975,98.677,100.891,102.397,104.632,105.904
workload_0787,long_context,108.478,101.62,102.829,106.723,107.475,101.037
workload_0788,tool_heavy,119.735,107.303,109.718,114.323,113.311,117.607
workload_0789,short_context,91.385,96.081,96.619,92.679,101.016,94.241
workload_0790,medium_context,105.112,96.881,104.233,108.172,103.997,103.374
workload_0791,long_context,108.757,112.206,108.942,112.429,106.129,102.781
workload_0792,tool_heavy,100.801,113.33,112.946,111.913,108.225,111.511
workload_0793,short_context,95.896,101.151,100.849,108.78,96.135,103.417
workload_0794,medium_context,91.777,105.827,103.213,93.757,109.294,100.773
workload_0795,long_context,107.503,107.844,112.307,109.4,108.527,107.134
workload_0796,tool_heavy,107.89,104.311,107.622,113.876,108.732,115.032
workload_0797,short_context,97.312,99.622,91.991,97.12,96.377,93.791
workload_0798,medium_context,99.715,105.054,103.664,101.782,102.905,108.023
workload_0799,long_context,105.347,99.094,111.715,104.612,110.397,110.471
workload_0800,tool_heavy,114.166,113.261,108.678,117.679,122.461,114.014
workload_0801,short_context,93.003,99.734,97.779,94.422,95.056,97.706
workload_0802,medium_context,103.871,103.989,109.816,100.31,104.125,104.634
workload_0803,long_context,104.402,105.534,111.087,108.181,117.705,109.099
workload_0804,tool_heavy,116.314,107.488,110.241,116.41,111.949,117.552
workload_0805,short_context,95.013,97.758,98.134,99.647,96.363,105.483
workload_0806,medium_context,98.901,98.945,103.993,101.978,102.226,101.205
workload_0807,long_context,115.094,99.39,107.078,107.723,106.628,110.398
workload_0808,tool_heavy,107.407,108.437,115.254,119.669,108.808,123.569
workload_0809,short_context,89.912,105.14,93.336,96.421,93.642,96.741
workload_0810,medium_context,102.568,105.246,102.614,97.394,97.645,96.597
workload_0811,long_context,109.672,105.429,104.731,108.353,109.218,107.614
workload_0812,tool_heavy,108.125,106.73,116.195,118.303,122.131,110.651
workload_0813,short_context,92.326,88.794,97.923,98.1,100.349,92.738
workload_0814,medium_context,92.292,109.33,96.823,111.689,107.133,98.836
workload_0815,long_context,111.004,114.672,113.248,102.193,98.082,111.475
workload_0816,tool_heavy,115.039,110.228,107.164,117.381,109.717,112.627
workload_0817,short_context,93.477,91.613,101.714,96.234,102.939,105.123
workload_0818,medium_context,91.687,102.649,103.647,100.088,104.212,109.537
workload_0819,long_context,107.317,109.037,103.615,109.163,111.289,116.309
workload_0820,tool_heavy,110.331,99.458,108.724,114.795,118.776,109.057
workload_0821,short_context,92.913,94.784,92.44,95.104,104.947,95.866
workload_0822,medium_context,95.725,101.588,89.071,95.736,103.717,108.883
workload_0823,long_context,103.814,111.223,110.662,109.26,104.303,109.39
workload_0824,tool_heavy,112.794,112.109,112.533,110.107,116.871,115.125
workload_0825,short_context,95.414,97.462,91.71,100.676,101.34,103.71
workload_0826,medium_context,102.689,95.037,96.459,116.379,105.279,108.577
workload_0827,long_context,108.7,104.338,105.507,113.524,108.139,107.125
workload_0828,tool_heavy,108.948,113.965,110.193,107.969,112.103,108.079
workload_0829,short_context,97.712,93.822,90.262,91.97,103.754,97.055
workload_0830,medium_context,93.766,98.892,107.069,98.082,105.871,108.096
workload_0831,long_context,107.826,102.558,108.979,102.047,98.803,109.978
workload_0832,tool_heavy,102.993,101.791,111.535,116.96,118.074,116.821
workload_0833,short_context,92.029,91.485,102.569,103.066,84.143,101.5
workload_0834,medium_context,103.177,104.249,101.039,105.258,101.08,105.035
workload_0835,long_context,100.125,108.603,105.716,106.059,101.944,104.298
workload_0836,tool_heavy,110.977,103.254,101.596,118.46,117.304,121.098
workload_0837,short_context,88.544,90.305,100.409,93.415,102.396,103.57
workload_0838,medium_context,99.944,102.042,100.643,98.426,106.264,101.853
workload_0839,long_context,97.989,107.75,110.135,112.133,117.937,110.306
workload_0840,tool_heavy,112.556,115.939,112.871,109.755,113.731,117.774
workload_0841,short_context,98.895,97.489,98.536,102.764,102.557,101.697
workload_0842,medium_context,96.562,101.031,101.093,99.684,101.043,107.981
workload_0843,long_context,97.424,109.452,114.532,114.444,110.024,109.559
workload_0844,tool_heavy,106.029,121.314,116.424,111.78,118.968,113.25
workload_0845,short_context,93.858,98.129,100.213,100.252,102.304,95.094
workload_0846,medium_context,96.233,104.165,101.706,100.418,104.502,103.434
workload_0847,long_context,118.715,117.286,101.471,102.406,110.766,112.414
workload_0848,tool_heavy,113.218,108.246,124.382,112.157,107.972,118.743
workload_0849,short_context,97.012,98.677,94.228,100.696,99.231,98.441
workload_0850,medium_context,102.435,101.093,98.376,95.806,98.803,101.891
workload_0851,long_context,97.912,105.67,111.618,109.206,100.889,115.885
workload_0852,tool_heavy,107.414,109.864,106.651,115.563,113.555,115.048
workload_0853,short_context,90.569,95.795,90.495,96.521,96.432,93.176
workload_0854,medium_context,104.084,93.716,105.001,99.422,98.782,112.145
workload_0855,long_context,101.407,105.484,111.19,109.036,107.439,105.449
workload_0856,tool_heavy,108.878,113.923,113.416,120.06,108.089,106.669
workload_0857,short_context,93.709,95.889,101.388,94.098,98.305,102.669
workload_0858,medium_context,89.694,101.359,96.42,102.25,99.584,101.565
workload_0859,long_context,103.489,96.06,102.388,99.165,105.678,111.588
workload_0860,tool_heavy,113.628,116.704,118.114,107.386,110.473,112.552
workload_0861,short_context,101.276,90.543,93.138,99.606,97.104,102.604
workload_0862,medium_context,107.592,98.117,95.968,100.821,99.115,100.185
workload_0863,long_context,105.985,105.925,110.018,107.045,115.13,108.255
workload_0864,tool_heavy,106.095,113.07,110.805,119.528,111.975,110.671
workload_0865,short_context,98.92,98.75,89.029,100.218,94.019,96.074
workload_0866,medium_context,97.171,101.801,105.891,103.79,104.46,97.124
workload_0867,long_context,101.528,97.22,107.367,109.29,109.89,109.908
workload_0868,tool_heavy,121.711,110.073,110.372,110.632,114.177,117.374
workload_0869,short_context,89.239,98.741,99.941,96.119,98.152,96.596
workload_0870,medium_context,96.322,100.569,106.564,99.412,103.534,105.481
workload_0871,long_context,114.257,105.382,108.414,113.67,110.165,110.339
workload_0872,tool_heavy,106.378,110.392,111.891,105.411,110.662,122.731
workload_0873,short_context,99.392,95.927,106.919,93.843,91.99,94.158
workload_0874,medium_context,88.841,111.683,99.678,101.812,103.727,107.249
workload_0875,long_context,105.444,106.061,104.025,103.298,114.485,112.344
workload_0876,tool_heavy,108.387,114.735,106.776,117.988,110.773,117.12
workload_0877,short_context,91.778,90.004,90.896,93.691,95.979,103.96
workload_0878,medium_context,102.785,97.896,102.285,105.357,94.031,107.905
workload_0879,long_context,103.888,100.443,103.149,100.774,111.525,110.575
workload_0880,tool_heavy,109.689,116.749,111.441,118.771,117.391,122.748
workload_0881,short_context,95.01,98.025,94.04,94.9,100.213,100.514
workload_0882,medium_context,102.091,94.692,105.865,94.241,110.14,104.264
workload_0883,long_context,106.259,111.871,113.213,107.262,104.682,110.593
workload_0884,tool_heavy,100.615,108.329,113.848,114.29,120.318,120.821
workload_0885,short_context,90.369,91.393,95.455,101.127,96.457,108.269
workload_0886,medium_context,98.441,97.809,101.421,95.231,105.907,113.828
workload_0887,long_context,103.037,107.516,106.917,113.421,106.168,110.958
workload_0888,tool_heavy,110.799,103.654,110.002,111.746,111.512,115.04
workload_0889,short_context,105.757,87.741,96.056,98.132,95.829,97.011
workload_0890,medium_context,92.475,103.64,92.412,99.633,102.853,104.633
workload_0891,long_context,102.909,109.435,105.932,101.422,117.042,110.14
workload_0892,tool_heavy,112.301,112.132,111.463,109.15,114.24,113.797
workload_0893,short_context,99.019,87.802,88.714,92.904,98.333,102.866
workload_0894,medium_context,109.741,85.791,102.324,103.889,109.377,108.473
workload_0895,long_context,97.764,120.41,106.05,105.519,108.224,111.489
workload_0896,tool_heavy,109.68,114.295,105.932,122.061,109.865,119.49
workload_0897,short_context,92.64,93.928,96.026,96.465,97.518,97.052
workload_0898,medium_context,95.907,105.174,95.923,101.732,92.008,107.26
workload_0899,long_context,100.041,112.122,108.898,109.183,102.618,113.414
workload_0900,tool_heavy,102.816,110.141,109.622,116.26,104.485,123.292
workload_0901,short_context,94.058,97.142,97.0,99.737,103.365,102.091
workload_0902,medium_context,101.583,101.036,107.281,102.932,104.046,101.366
workload_0903,long_context,104.723,101.656,106.834,107.639,108.082,102.865
workload_0904,tool_heavy,105.439,117.226,114.345,116.394,116.427,119.997
workload_0905,short_context,91.694,92.212,95.097,95.728,99.242,107.069
workload_0906,medium_context,99.975,95.738,94.021,97.388,95.777,98.647
workload_0907,long_context,100.383,104.301,108.115,106.171,107.797,111.437
workload_0908,tool_heavy,112.798,108.198,107.844,105.144,116.771,118.772
workload_0909,short_context,90.268,89.247,99.581,92.963,96.522,103.809
workload_0910,medium_context,104.516,97.982,100.681,99.183,102.889,103.667
workload_0911,long_context,109.946,106.202,107.15,118.72,114.77,109.199
workload_0912,tool_heavy,117.281,115.908,112.569,108.416,117.829,112.405
workload_0913,short_context,92.389,86.079,96.645,97.154,101.773,103.015
workload_0914,medium_context,101.642,101.487,100.704,108.933,99.381,107.978
workload_0915,long_context,99.974,109.741,108.926,112.811,103.233,111.409
workload_0916,tool_heavy,106.443,117.224,113.911,119.737,113.122,107.688
workload_0917,short_context,88.065,97.181,91.469,101.09,105.034,102.853
workload_0918,medium_context,105.516,97.235,94.102,93.963,100.704,99.712
workload_0919,long_context,105.371,95.805,111.877,113.635,110.556,110.403
workload_0920,tool_heavy,105.369,109.38,112.828,114.145,116.184,124.081
