Phenotype,C+T,SCT,LDpred,LDpred2,LDpred2-auto,LDpred2-inf,LDpred-funct,AnnoPred,lassosum,lassosum2,PRS-CS,PRS-CS-auto,SBayesR,DBSLMM
Asthma Disease,,,,,,,0.543209,,0.535459,,0.546619,,,
Asthma Disease,,,,,,,0.565991,,0.541227,,0.564233,,,
Breast Cancer,,,,,,,0.580323,,0.586401,,0.582399,,,
Breast Cancer,,,,,,,0.524733,,0.575924,,0.556752,,,
Coronary Artery Disease,,,,,,,0.559121,,0.557311,,0.558586,,,
Coronary Artery Disease,,,,,,,0.570677,,0.54492,,0.574192,,,
Cataracts,,,,,,,0.522598,,0.511771,,0.51566,,,
Cataracts,,,,,,,0.5108,,0.4,,0.50817,,,
Gastric Cancer,,,,,,,0.569285,,0.597826,,0.58986,,,
Gastric Cancer,,,,,,,0.4,,0.519082,,0.4,,,
Glaucoma,,,,,,,0.569384,,0.57141,,0.570161,,,
Glaucoma,,,,,,,0.576677,,0.561366,,0.573707,,,
Hyperthyroidism,,,,,,,0.558274,,0.559929,,0.563496,,,
Hyperthyroidism,,,,,,,0.531202,,0.508703,,0.551184,,,
Hypothyroidism,,,,,,,0.555205,,0.561546,,0.553196,,,
Hypothyroidism,,,,,,,0.574151,,0.546828,,0.59302,,,
Osteoporosis,,,,,,,0.524012,,0.51507,,0.519854,,,
Osteoporosis,,,,,,,0.534246,,0.53573,,0.531052,,,
Type Two Diabetes,,,,,,,0.642781,,0.659786,,0.669105,,,
Type Two Diabetes,,,,,,,0.591998,,0.584557,,0.624313,,,
Alzheimer's Disease,0.58,,,,,,,,,0.58,0.59,,,
Alzheimer's Disease,0.59,,,,,,,,,0.6,0.59,,,
Alzheimer's Disease,0.59,,,,,,,,,0.59,0.59,,,
Unclassified,0.033,,,,,,,,,0.029,0.029,,,
Unclassified,0.027,,,,,,,,,0.024,0.028,,,
Unclassified,0.036,,,,,,,,,0.034,0.033,,,
Unclassified,0.015,,,,,,,,,0.016,0.017,,,
Unclassified,0.02,,,,,,,,,0.022,0.021,,,
Unclassified,0.026,,,,,,,,,0.022,0.027,,,
Alzheimer's Disease,0.1536,,,,0.1572,0.1226,0.1642,,0.1474,,0.1616,0.1343,,
Schizophrenia,0.0704,,,,0.0716,0.0716,0.0718,,0.0646,,0.0715,0.0717,,
Bipolar Disorder,0.0189,,,,0.0539,0.0535,0.0526,,0.0466,,0.0507,0.0538,,
Hypertension,0.1445,,,,0.1585,0.1581,0.1662,,0.1497,,0.166,0.1591,,
Type Two Diabetes,0.0644,,,,0.0719,0.0714,0.0796,,0.0728,,0.0795,0.0714,,
Height,0.32,,,,0.3051,0.1846,0.3765,,0.3951,,0.4343,0.4436,,
Body Mass Index,0.0458,,,,0.1638,0.164,0.2018,,0.1829,,0.1291,0.1702,,
High-Density Lipoprotein,0.1167,,,,0.1216,0.1209,0.1229,,0.1179,,0.1384,0.1355,,
Low-Density Lipoprotein,0.1422,,,,0.1649,0.1648,0.1282,,0.1399,,0.1751,0.1543,,
Cholesterol,0.1403,,,,0.1746,0.1746,0.1302,,0.1579,,0.1868,0.1695,,
Triglyceride,0.0697,,,,0.0944,0.0944,0.0085,,0.0957,,0.1085,0.1053,,
Crohn's Disease,,,0.661,,,,,0.68,,,,,,
Celiac Diesease,,,0.58,,,,,0.585,,,,,,
Type Two Diabetes,,,0.618,,,,,0.62,,,,,,
Bladder Cancer,0.5614,,,0.5632,,,,0.556,,,0.536,,,
Breast Cancer,0.5876,,,0.654,,,,0.6112,,,0.6514,,,
Colorectal Cancer,0.555,,,0.5672,,,,0.564,,,0.5456,,,
Kidney Cancer,0.5426,,,0.54,,,,0.547,,,0.5234,,,
Lung Cancer,0.5708,,,0.5866,,,,0.575,,,0.5774,,,
Ovarian Cancer,0.517,,,0.5174,,,,0.5364,,,0.5228,,,
Pancreatic Cancer,0.5358,,,0.5426,,,,0.5488,,,0.535,,,
Prostate Cancer,0.66,,,0.6684,,,,0.66,,,0.6802,,,
Cardio Vascular Disease,0.543695507,,,,,,,,,0.557629376,,,,
Depression,0.533375978,,,,,,,,,0.540023931,,,,
Heart Metabolic Disease Burden,0.008058466,,,,,,,,,0.010488011,,,,
Height,0.036216699,,,,,,,,,0.074154482,,,,
Sing Back Musical Note,0.53669477,,,,,,,,,0.532986512,,,,
Migraine Diagnosis,0.527000931,,,,,,,,,0.538472682,,,,
Morning Person,0.556718705,,,,,,,,,0.56200623,,,,
Cardio Vascular Disease,0.576551998,,,,,,,,,0.589377686,,,,
Depression,0.557003245,,,,,,,,,0.569561044,,,,
Heart Metabolic Disease Burden,0.022362217,,,,,,,,,0.031678448,,,,
Height,0.131776359,,,,,,,,,0.17073276,,,,
Sing Back Musical Note,0.563831433,,,,,,,,,0.58083426,,,,
Migraine Diagnosis,0.564501788,,,,,,,,,0.576838757,,,,
Morning Person,0.589321376,,,,,,,,,0.618597174,,,,
Cardio Vascular Disease,0.51849034,,,,,,,,,0.547379749,,,,
Depression,0.562478698,,,,,,,,,0.558986301,,,,
Heart Metabolic Disease Burden,0.004376894,,,,,,,,,0.010910782,,,,
Height,0.103631612,,,,,,,,,0.112141995,,,,
Sing Back Musical Note,0.541536596,,,,,,,,,0.53544455,,,,
Migraine Diagnosis,0.520821389,,,,,,,,,0.543411271,,,,
Morning Person,0.5567824,,,,,,,,,0.566958104,,,,
Cardio Vascular Disease,0.510463995,,,,,,,,,0.506881452,,,,
Depression,0.51909077,,,,,,,,,0.521681775,,,,
Heart Metabolic Disease Burden,0.002267725,,,,,,,,,0.007192525,,,,
Height,0.041067338,,,,,,,,,0.067645996,,,,
Sing Back Musical Note,0.559384133,,,,,,,,,0.482985977,,,,
Migraine Diagnosis,0.51706017,,,,,,,,,0.512046925,,,,
Morning Person,0.541523985,,,,,,,,,0.535474458,,,,
High-Density Lipoprotein,0.071601022,,,0.091312323,,,,,,0.087211899,,,,
Low-Density Lipoprotein,0.084242971,,,0.121228505,,,,,,0.140975244,,,,
Triglyceride,0.036351613,,,0.005969069,,,,,,0.03669323,,,,
Cholesterol,0.070691388,,,0.104517486,,,,,,0.117787669,,,,
High-Density Lipoprotein,0.082182864,,,0.119657989,,,,,,0.134525456,,,,
Low-Density Lipoprotein,0.025537348,,,0.034805929,,,,,,0.032888138,,,,
Triglyceride,0.062671539,,,0.070185025,,,,,,0.069457515,,,,
Cholesterol,0.056298083,,,0.076951308,,,,,,0.075841529,,,,
High-Density Lipoprotein,0.077180552,,,0.101592208,,,,,,0.09398254,,,,
Low-Density Lipoprotein,0.025172008,,,0.03425331,,,,,,0.033179328,,,,
Triglyceride,0.063321051,,,0.086101167,,,,,,0.076152839,,,,
Cholesterol,0.018249749,,,0.028709052,,,,,,0.028160418,,,,
Height,0.002851697,,,0.011947044,,,,,,0.007902545,,,,
Body Mass Index,0.001106871,,,0.001175013,,,,,,0.002374761,,,,
High-Density Lipoprotein,0.149,0.188,,,,,,,,0.177,0.174,,,
Low-Density Lipoprotein,0.078,0.104,,0.088,,,,,,0.112,0.096,,,
Triglyceride,0.1,0.125,,0.105,,,,,,0.107,0.121,,,
Cholesterol,0.084,0.102,,0.073,,,,,,0.091,0.098,,,
Body Mass Index,0.057,0.085,,0.094,,,,,,0.081,0.085,,,
Height,0.186,0.232,,0.157,,,,,,0.204,0.199,,,
High-Density Lipoprotein,0.119,0.166,,0.163,,,,,,0.15,0.161,,,
Low-Density Lipoprotein,0.083,0.103,,0.105,,,,,,0.106,0.093,,,
Triglyceride,0.092,0.128,,0.114,,,,,,0.107,0.121,,,
Cholesterol,0.077,0.096,,0.091,,,,,,0.094,0.09,,,
Body Mass Index,0.086,0.113,,0.115,,,,,,0.109,0.113,,,
Height,0.283,0.335,,0.28,,,,,,0.305,0.33,,,
Asthma Disease,0.565,0.574,,0.583,,,,,,0.577,0.576,,,
Asthma Disease,0.561,0.587,,0.584,,,,,,0.579,0.583,,,
Asthma Disease,0.575,0.596,,0.601,,,,,,0.599,0.597,,,
Coronary Artery Disease,0.579,0.613,,0.614,,,,,,0.595,0.615,,,
Coronary Artery Disease,0.572,0.591,,0.622,,,,,,0.6,0.604,,,
Coronary Artery Disease,0.575,0.597,,0.615,,,,,,0.609,0.606,,,
Type Two Diabetes,0.628,0.651,,0.678,,,,,,0.669,0.678,,,
Type Two Diabetes,0.629,0.651,,0.664,,,,,,0.652,0.659,,,
Type Two Diabetes,0.613,0.62,,0.649,,,,,,0.646,0.643,,,
Breast Cancer,0.656,0.636,,0.664,,,,,,0.66,0.663,,,
Breast Cancer,0.609,0.598,,0.623,,,,,,0.611,0.604,,,
Breast Cancer,0.605,0.603,,0.612,,,,,,0.612,0.617,,,
Prostate Cancer,0.685,0.703,,0.706,,,,,,0.706,0.711,,,
Prostate Cancer,0.634,0.657,,0.653,,,,,,0.646,0.629,,,
Prostate Cancer,0.662,0.637,,0.678,,,,,,0.678,0.671,,,
Age Related Macular Degeneration,,56.58,,56.95,,,,,,56.76,56.24,,,
Alzheimer's Disease,,65.9,,67.47,,,,,,68.25,57.9,,,
Asthma Disease,,62.1,,62.5,,,,,,61.96,61.54,,,
Atrial Fibrillation,,65.2,,63.46,,,,,,63.01,60.48,,,
Bipolar Disorder,,57.88,,64.65,,,,,,61.63,61.52,,,
Bowel Cancer,,65.66,,68.58,,,,,,68.63,62.35,,,
Breast Cancer,,64.15,,64.51,,,,,,64.42,59.03,,,
Cardio Vascular Disease,,59.63,,58.84,,,,,,57.84,58.55,,,
Celiac Diesease,,77.6,,77.16,,,,,,77.29,74.39,,,
Coronary Artery Disease,,65.54,,65.15,,,,,,64.03,64.1,,,
Crohn's Disease,,64.45,,66.73,,,,,,67.46,57.6,,,
Epithelia Ovarian Cancer,,52.26,,55.94,,,,,,55.19,52.81,,,
Hypercholesterolemia,,65.41,,63.64,,,,,,65.3,64.39,,,
Hypertension,,63.65,,64.29,,,,,,63.83,63.5,,,
Hypertriglyceridemia,,69.3,,62.79,,,,,,66.63,59.42,,,
Ischemic Stroke,,52.93,,56.03,,,,,,55.65,54.61,,,
Melanoma,,75.34,,74.55,,,,,,72.86,76.63,,,
Obesity,,67.49,,67.61,,,,,,66.57,67.86,,,
Osteoporosis,,61.53,,59.6,,,,,,59.35,55.99,,,
Parkinson's Disease,,54.41,,54.27,,,,,,55.04,53.47,,,
Primary Open Angle Glaucoma,,65.86,,68.21,,,,,,67.52,66.72,,,
Prostate Cancer,,70.78,,71.48,,,,,,69.14,70.77,,,
Psoriasis,,68.41,,67.4,,,,,,66.21,64.72,,,
Rheumatoid Arthirits,,59.4,,60.0,,,,,,58.9,58.94,,,
Schizophrenia,,63.48,,72.36,,,,,,71.1,69.93,,,
Systemic Lupus Erythematosus,,63.77,,67.76,,,,,,65.18,65.97,,,
Type One Diabetes,,80.23,,83.43,,,,,,81.83,79.29,,,
Type Two Diabetes,,71.67,,71.69,,,,,,71.39,70.64,,,
Ulcerative Colitis,,66.98,,67.94,,,,,,66.51,68.3,,,
Venous Thromboembolic Disease,,67.9,,67.54,,,,,,67.89,66.19,,,
Sleep Duration,,,,0.005,,,,,,0.002,,,,
Diastolic Blood Pressure,,,,0.017,,,,,,0.004,,,,
Systolic Blood Pressure,,,,0.026,,,,,,0.008,,,,
Triglyceride,,,,0.053,,,,,,0.075,,,,
Low-Density Lipoprotein,,,,0.045,,,,,,0.072,,,,
High-Density Lipoprotein,,,,0.06,,,,,,0.08,,,,
Cholesterol,,,,0.043,,,,,,0.082,,,,
Body Mass Index,,,,0.079,,,,,,0.083,,,,
Height,,,,0.198,,,,,,0.198,,,,
Coronary Artery Disease,0.6163,,0.6302,,,,,0.6425,,,0.6336,,,
Atrial Fibrillation,0.6055,,0.6272,,,,,0.6321,,,0.6189,,,
Type Two Diabetes,0.602,,0.6388,,,,,0.6446,,,0.6394,,,
Cholesterol,0.05089,,0.06605,,,,,0.07513,,,0.07232,,,
Triglyceride,0.04328,,0.07056,,,,,0.07437,,,0.07028,,,
Low-Density Lipoprotein,0.0202,,0.07069,,,,,0.07054,,,0.07007,,,
Alzheimer's Disease,64.9,,,,,,,,,,66.7,,60.7,
Coronary Artery Disease,,,,0.00825590394491754,0.00951457242931617,0.00511136249896953,,,0.00799350167213713,,0.00892235150585136,0.00891461509329018,,
Diabetes,,,,0.0132447038704592,0.0174878423115987,0.0120708880809428,,,0.01294721308775,,0.0172572859394407,0.0167673899133642,,
High Blood Pressure,,,,0.0497359272001006,0.0598475931210562,0.0406118673046835,,,0.0399818626128133,,0.0531430704447116,0.0549379183872262,,
Asthma Disease,,,,0.0223664477277978,0.0240474899091955,0.0162179546737966,,,0.0179015621949446,,0.0222762735229207,0.0222750289146942,,
Depression,,,,0.0102807217845831,0.00962005689711973,0.0102707428131364,,,0.00255080165508217,,0.00945366652280316,0.0088107605796458,,
Height,,,,0.220094559217653,0.313104873303237,0.303584128644809,,,0.296471564196895,,0.333698202595327,0.331199162503425,,
Systolic Blood Pressure,,,,0.0495900850588923,0.0554768987135024,0.052356871302211,,,0.0404786878895058,,0.0543678657591421,0.05529625266252,,
Diastolic Blood Pressure,,,,0.0496598468149321,0.0547085006994576,0.0518041364299165,,,0.0402671295529865,,0.0535426702221159,0.0543182789458652,,
Body Mass Index,,,,0.110039528391009,0.121249427690397,0.010965008134805,,,0.08454674706454,,0.121568552332427,0.115520601085718,,
White Blood Cell Count,,,,0.0622097247881704,0.0675970880027777,0.0592375225384629,,,0.0520439721086284,,0.0591275536451416,0.0546795828893502,,
Red Blood Cell Count,,,,0.112118960472229,0.136714427578634,0.119151813222475,,,0.129733992620906,,0.137710070433635,0.141653821025335,,
Hip Circumference,,,,0.0827318185967817,0.097669522042108,0.0813297201302712,,,0.075561263791797,,0.0844749577180422,0.0768787908945137,,
Haematocrit Percentage,,,,0.0799520163839034,0.0890853164453558,4.3610525144326e-05,,,0.0763558105808275,,0.0793229964207597,0.0800528134057895,,
Mean Corpuscular Volume,,,,0.110092151871775,0.167368472827516,0.138045051946309,,,0.153054608377012,,0.148700648750233,0.150573493636789,,
Mean Corpuscular Hemoglobin,,,,0.0935017847043915,0.137203786360542,0.0976765020609984,,,0.116921378478082,,0.114666646205604,0.116283875423428,,
Mean Corpuscular Hemoglobin Concentration,,,,0.0197404988459434,0.0210866286973291,0.012901581171241,,,0.0188254081659116,,0.0177361102674092,0.0177912697187595,,
Platelet Count,,,,0.155597409993678,0.182453091439491,0.148142025932327,,,0.184471180744057,,0.194518926729743,0.197559175396822,,
Lymphocyte Count,,,,0.0216422671253184,0.0194220867836793,0.0165045566852175,,,0.0179641012824676,,0.0190684285410968,0.0192374746290886,,
Monocyte Count,,,,0.0650802229275228,0.0729162296178961,0.021600791124116,,,0.0668846753478621,,0.0670007396191246,0.0675001634303861,,
Neutrophil Count,,,,0.0758009602673936,0.0848682048440242,0.0438126379779445,,,0.0705775730382117,,0.0758046086521994,0.0756841822346487,,
Eosinophil Count,,,,0.0885507854252671,0.0931741010843396,0.0703749874906667,,,0.0790960201459127,,0.0793573093409573,0.0794339971364535,,
Alzheimer's Disease,0.681,,,,,,,,,,,,0.623,
Alzheimer's Disease,0.638,,,,,,,,,,,,0.693,
Alzheimer's Disease,0.72,,,,,,,,,,0.698,,,
Alzheimer's Disease,0.575,,,,,,,,,,0.624,,,
Depression,0.565842577152662,,,0.58965497796789,,,0.58378243392381,,0.59020920434681,,0.583995907747086,0.572629433609641,0.58818080024489,
Depression,0.566798941798942,,,0.613756613756614,,,0.559854497354497,,0.623743386243386,,0.601653439153439,0.590013227513227,0.622685185185185,
Depression,0.571228989154369,,,0.586441593610241,,,0.594603170261362,,0.587089185825458,,0.583728818195495,0.584191090991151,0.589129750947112,
Depression,0.57506038647343,,,0.592763687600644,,,0.583917069243156,,0.583826489533011,,0.571698872785829,0.55997383252818,0.587510064412238,
Depression,0.608894180218702,,,0.639714837726062,,,0.623224581172017,,0.621418129935978,,0.627423083438478,0.630385400602832,0.638495811720174,
Depression,0.57024847812538,,,0.586461685605986,,,0.587481625789356,,0.597063262162257,,0.59360675465382,0.586263342126822,0.587253491590001,
Depression,0.590016714098568,,,0.602574874644261,,,0.622003884898586,,0.590369065365677,,0.626189185526494,0.617335230609387,0.608569363509057,
Depression,0.621038259709986,,,0.647067281509419,,,0.635580970413237,,0.625449807352664,,0.632782876018588,0.624704157823212,0.641983885826551,
Depression,0.582286953991057,,,0.619731063311903,,,0.600380982617668,,0.607061406989973,,0.611969203905072,0.606262401777919,0.618371167023838,
Depression,0.581312107550181,,,0.591915096867391,,,0.600920327590023,,0.585133796992043,,0.596248208856114,0.58227437411899,0.590490336560305,
Depression,0.570536684242601,,,0.598761956492939,,,0.600060279271879,,0.576827919239024,,0.600222569619247,0.601414906865213,0.602006107416338,
Depression,0.581995834354325,,,0.603814424569142,,,0.614534836232949,,0.579545454545455,,0.608786653597974,0.5987247815078,0.605662419341665,
Depression,0.60875127643324,,,0.624238527142277,,,0.619663213820743,,0.61686487940944,,0.617682130937399,0.618388869669272,0.625998584433447,
Depression,0.582895970009372,,,0.599875039050297,,,0.590596688534833,,0.588516981300486,,0.601298701298701,0.591703485517919,0.596969696969697,
Depression,0.582089602934683,,,0.595934241364084,,,0.594915254237288,,0.584358547603682,,0.604330695288883,0.603576644815054,0.596182194898271,
Depression,0.549278239510078,,,0.56508967327299,,,0.556696053030048,,0.558642619199838,,0.548243547898651,0.555375349103267,0.564500824388438,
Depression,0.63599044972406,,,0.6577752553916,,,0.649104074523465,,0.643468237504403,,0.650954831891659,0.646451328819132,0.657404007984657,
Depression,0.57540974635401,,,0.582127123977344,,,0.573467042438504,,0.565477330560648,,0.572851396831477,0.570539305551755,0.579473007360385,
Depression,0.61241230437129,,,0.626983270372369,,,0.61241230437129,,0.626119805720453,,0.62107393416082,0.610334592552617,0.638828926065839,
Depression,0.5388343179823,,,0.564168268204143,,,0.575438346738795,,0.564951242081287,,0.572603032244288,0.561297363987947,0.568450898047311,
Depression,0.605234015270735,,,0.611514250743137,,,0.614865652503351,,0.614588797575334,,0.609925977735035,0.596156087894154,0.609415981815003,
Depression,0.565422392093961,,,0.571733324714048,,,0.575395847390175,,0.567034467712024,,0.576440262295612,0.574480721757364,0.577531140533399,
Depression,0.527211807702555,,,0.539955560247535,,,0.553584086144751,,0.535544261289658,,0.541387033043268,0.542751896481518,0.543494653656477,
Depression,0.614143385894641,,,0.614954621507884,,,0.613750443644476,,0.62557673781879,,0.607209856512701,0.592734371038889,0.608426709932566,
Depression,0.562737464072645,,,0.569424818788719,,,0.552262707691603,,0.577511479577231,,0.562961902689828,0.561559161332433,0.568932427944898,
Depression,0.592734763128927,,,0.605046529319739,,,0.601297222665849,,0.59461791692211,,0.601968845361922,0.598427843062503,0.605603438653251,
Schizophrenia,0.722,,,0.751,,,0.754,,0.742,,0.751,0.732,0.751,
Schizophrenia,0.675,,,0.723,,,0.709,,0.719,,0.717,0.71,0.726,
Schizophrenia,0.704,,,0.719,,,0.708,,0.714,,0.711,0.694,0.717,
Schizophrenia,0.675,,,0.705,,,0.696,,0.694,,0.698,0.689,0.708,
Schizophrenia,0.678,,,0.693,,,0.702,,0.694,,0.696,0.69,0.696,
Schizophrenia,0.7,,,0.752,,,0.74,,0.749,,0.744,0.72,0.746,
Schizophrenia,0.766,,,0.787,,,0.769,,0.785,,0.761,0.722,0.785,
Schizophrenia,0.673,,,0.695,,,0.71,,0.712,,0.71,0.711,0.704,
Schizophrenia,0.718,,,0.755,,,0.745,,0.749,,0.748,0.728,0.757,
Schizophrenia,0.699,,,0.747,,,0.741,,0.736,,0.732,0.736,0.748,
Schizophrenia,0.65,,,0.67,,,0.672,,0.667,,0.669,0.661,0.674,
Schizophrenia,0.703,,,0.727,,,0.715,,0.718,,0.716,0.702,0.732,
Schizophrenia,0.731,,,0.77,,,0.77,,0.77,,0.77,0.744,0.772,
Schizophrenia,0.776,,,0.816,,,0.789,,0.815,,0.795,0.768,0.814,
Schizophrenia,0.674,,,0.706,,,0.701,,0.705,,0.709,0.698,0.713,
Schizophrenia,0.722,,,0.745,,,0.74,,0.738,,0.729,0.726,0.738,
Schizophrenia,0.715,,,0.755,,,0.748,,0.749,,0.743,0.726,0.758,
Schizophrenia,0.826,,,0.843,,,0.831,,0.841,,0.822,0.795,0.844,
Schizophrenia,0.66,,,0.704,,,0.702,,0.696,,0.704,0.703,0.703,
Schizophrenia,0.704,,,0.736,,,0.733,,0.733,,0.736,0.719,0.737,
Schizophrenia,0.726,,,0.748,,,0.727,,0.74,,0.736,0.707,0.743,
Schizophrenia,0.641,,,0.696,,,0.692,,0.677,,0.666,0.67,0.697,
Schizophrenia,0.651,,,0.707,,,0.709,,0.704,,0.704,0.705,0.703,
Schizophrenia,0.687,,,0.728,,,0.718,,0.719,,0.721,0.711,0.728,
Schizophrenia,0.704,,,0.73,,,0.711,,0.711,,0.738,0.737,0.72,
Schizophrenia,0.682,,,0.717,,,0.716,,0.71,,0.705,0.692,0.719,
Schizophrenia,0.683,,,0.7,,,0.699,,0.704,,0.696,0.686,0.704,
Schizophrenia,0.678,,,0.719,,,0.706,,0.711,,0.704,0.697,0.717,
Schizophrenia,0.707,,,0.767,,,0.758,,0.761,,0.749,0.739,0.77,
Schizophrenia,0.66,,,0.695,,,0.682,,0.697,,0.689,0.685,0.698,
Type One Balding,0.72,0.67,,0.67,0.71,0.66,,,0.71,,0.68,,0.71,0.69
Qualification,0.66,0.66,,0.66,0.62,0.66,,,0.66,,0.57,,0.65,0.65
Height,0.65,0.64,,0.64,0.62,0.64,,,0.65,,0.6,,0.64,0.63
Tanning Ability,0.72,0.65,,0.67,0.7,0.67,,,0.7,,0.68,,0.67,0.67
Smoking Status,0.62,0.61,,0.61,0.61,0.61,,,0.61,,0.57,,0.6,0.61
Myxedema,0.76,0.73,,0.73,0.74,0.73,,,0.74,,0.73,,0.72,0.72
Ever Smoked,0.6,0.59,,0.6,0.59,0.6,,,0.6,,0.56,,0.59,0.59
Salt Added to Food,0.59,0.58,,0.58,0.59,0.58,,,0.59,,0.55,,0.58,0.58
Morning Person,0.58,0.58,,0.58,0.55,0.58,,,0.58,,0.52,,0.58,0.58
Asthma Disease,0.63,0.61,,0.61,0.58,0.6,,,0.62,,0.58,,0.6,0.6
Dried Fruit Intake,0.6,0.6,,0.6,0.6,0.6,,,0.6,,0.58,,0.59,0.6
Snoring,0.64,0.64,,0.64,0.63,0.63,,,0.63,,0.61,,0.63,0.63
Tense,0.59,0.59,,0.59,0.57,0.59,,,0.59,,0.54,,0.59,0.58
Angina,0.69,0.68,,0.68,0.66,0.67,,,0.68,,0.66,,0.67,0.68
Headache,0.6,0.6,,0.6,0.58,0.59,,,0.6,,0.58,,0.59,0.59
Coronary Artery Disease,0.72,0.72,,0.72,0.71,0.72,,,0.72,,0.69,,0.72,0.71
Prostate Cancer,0.64,0.59,,0.59,0.63,0.57,,,0.65,,0.61,,0.64,0.6
Gout,0.8,0.78,,0.78,0.79,0.78,,,0.8,,0.79,,0.8,0.78
Fresh Fruit Intake,0.62,0.63,,0.63,0.62,0.62,,,0.62,,0.6,,0.62,0.62
Type Two Diabetes,0.68,0.65,,0.66,0.65,0.65,,,0.67,,0.63,,0.65,0.65
Supplementary Vitamin and Mineral,0.57,0.57,,0.57,0.57,0.57,,,0.57,,0.55,,0.57,0.57
Depression,0.58,0.59,,0.59,0.58,0.58,,,0.59,,0.56,,0.58,0.58
Breast Cancer,0.6,0.57,,0.57,0.59,0.57,,,0.6,,0.59,,0.6,0.59
Rheumatoid Arthirits,0.62,0.61,,0.62,0.58,0.61,,,0.63,,0.62,,0.62,0.61
Osteoarthritis,0.58,0.58,,0.58,0.57,0.58,,,0.58,,0.57,,0.58,0.58
Height,0.26,0.3,,0.3,0.26,0.26,,,0.31,,0.21,,0.16,0.3
Bone Mineral Density,0.13,0.16,,0.17,0.12,0.12,,,0.16,,0.16,,0.1,0.16
High-Density Lipoprotein,0.13,0.17,,0.17,0.13,0.13,,,0.16,,0.1,,0.13,0.18
Basal Metabolic Rate,0.12,0.15,,0.16,0.14,0.14,,,0.15,,0.11,,0.07,0.16
Platelet Count,0.16,0.2,,0.2,0.14,0.15,,,0.2,,0.12,,0.13,0.2
Body Mass Index,0.09,0.11,,0.12,0.11,0.11,,,0.12,,0.09,,0.06,0.12
Body Fat Percentage,0.08,0.1,,0.1,0.1,0.1,,,0.1,,0.07,,0.05,0.1
Age at Menarche,0.06,0.06,,0.05,0.05,0.05,,,0.06,,0.06,,0.05,0.06
Hip Circumference,0.08,0.1,,0.1,0.1,0.1,,,0.1,,0.08,,0.05,0.1
Red Blood Cell Count,0.12,0.14,,0.15,0.11,0.11,,,0.14,,0.09,,0.08,0.14
Trunk Fat Percentage,0.08,0.09,,0.09,0.09,0.09,,,0.09,,0.07,,0.05,0.1
Red Blood Cell Distribution Width,0.11,0.13,,0.14,0.09,0.09,,,0.12,,0.07,,0.1,0.12
Waist Circumference,0.06,0.08,,0.09,0.08,0.09,,,0.09,,0.07,,0.04,0.09
Eosinophil Count,0.1,0.12,,0.12,0.08,0.08,,,0.11,,0.07,,0.08,0.11
Triglyceride,0.08,0.11,,0.11,0.08,0.09,,,0.1,,0.07,,0.08,0.1
White Blood Cell Count,0.08,0.11,,0.11,0.09,0.09,,,0.09,,0.06,,0.05,0.09
Forced Vital Capacity,0.07,0.08,,0.09,0.08,0.08,,,0.08,,0.07,,0.04,0.09
(Forced Expiratory Volume in 1 second)/(Forced Vital Capacity),0.07,0.09,,0.1,0.08,0.08,,,0.09,,0.06,,0.05,0.08
Forced Expiratory Volume,0.06,0.07,,0.07,0.06,0.07,,,0.07,,0.05,,0.04,0.07
Waist Hip Ratio,0.06,0.07,,0.07,0.06,0.06,,,0.07,,0.06,,0.04,0.07
Systolic Blood Pressure,0.03,0.04,,0.05,0.04,0.04,,,0.05,,0.04,,0.03,0.05
Cholesterol,0.07,0.09,,0.08,0.05,0.05,,,0.08,,0.06,,0.08,0.09
Low-Density Lipoprotein,0.07,0.09,,0.08,0.05,0.05,,,0.08,,0.05,,0.08,0.09
Birth Weight,0.03,0.04,,0.04,0.03,0.03,,,0.04,,0.04,,0.02,0.04
Sodium in Urine,0.01,0.01,,0.02,0.02,0.02,,,0.02,,0.02,,0.01,0.02
Height,,,,,0.119088167280575,,,,,,,0.119804497262465,0.109380686533098,0.11229637264392
Hemoglobin A1c,0.0179928192555339,,,0.0263990576951087,0.0125965158813593,,,,,,,0.0244293462578401,0.0245635296940408,0.0231649835308394
Body Mass Index,0.056185082235581,,,0.0801304218140975,0.0516412373013446,,,,0.0819606704505036,,0.0772500413909242,0.0781314464995236,0.056694467100682,0.0801017163194818
Estimated Glomerular Filtration Rate,0.033297506280466,,,0.0516763773365638,0.0499179799544956,,,,0.0469937424032314,,,0.0475608896549577,0.0486553575760064,0.0461641624795477
High-Density Lipoprotein,0.0648877989053046,,,0.113422119241138,0.0919392754323696,,,,,,0.111046562610904,0.108941417374295,0.109636194521277,0.11073001648965
Height,,,,,0.0797135200518265,,,,,,,0.0700420918291623,0.0812035262607059,0.0711673639438435
Urate,0.0450921281401316,,,0.0670908426655187,0.0336572239384172,,,,0.06900750301041,,,0.0444984408615969,0.0151148356241528,0.0439391939785578
Hemoglobin A1c,0.000410880290968582,,,0.000710568962128586,0.000962038747849327,,,,,,,0.000519401766754471,0.000790627101950689,0.00040805558322026
Body Mass Index,0.0175149703234952,,,0.0310265476024677,0.0333140032539165,,,,0.0401374387623594,,0.0272371737165089,0.0401402669224204,0.0337895036060141,0.0441263557877739
Estimated Glomerular Filtration Rate,0.0238318330083821,,,0.049388443782586,0.0460696275438062,,,,0.0418747130720485,,,0.0444281531842162,0.0481805816702646,0.0432026350069667
High-Density Lipoprotein,0.0710020041544445,,,0.110647975987619,0.0727899348149882,,,,,,0.106150142378683,0.104645908346836,0.0951771756758751,0.10469083999537
Height,,,,,0.110205652421297,,,,,,,0.112464565052307,0.104259285974961,0.106369914740797
Height,,,,,0.133019984016876,,,,,,,0.128619685248899,0.129007865529315,0.125213340045335
Body Mass Index,0.0514407107448608,,,0.0744125161922434,0.0503749837668376,,,,0.0754773130720826,,0.0716591320076569,0.0720884438993001,0.0558265684339366,0.0720569081707813
High-Density Lipoprotein,0.0421955399806728,,,0.0722121244791,0.0521770250581637,,,,,,0.0701703247285471,0.0703465203513636,0.0674805247688485,0.0645986238662342
Height,,,,,0.0815623980623063,,,,,,,0.0685205768056755,0.0798771187214385,0.073159298793865
Urate,0.042008317563628,,,0.063318849487468,0.0385830630101528,,,,0.0612607715255106,,,0.0429399277614137,0.0184932790130373,0.0471416812826234
Hemoglobin A1c,0.0144855114169102,,,0.0234509805817632,0.0112095183637939,,,,,,,0.0249878019904064,0.0202669359868445,0.0219144021980472
Body Mass Index,0.0350881048159183,,,0.0530134868855159,0.0432818268905363,,,,0.0606033058780484,,0.044926239016918,0.057058009505878,0.043016747372066,0.0559099605164043
Estimated Glomerular Filtration Rate,0.0400549423665318,,,0.0784454409305532,0.0741439155592559,,,,0.0708462654465618,,,0.0760862748581324,0.0759330184090126,0.0688744433175653
High-Density Lipoprotein,0.0505129369426664,,,0.0871306625562027,0.0615239476401641,,,,,,0.082032421335395,0.0812051870803833,0.0762969881001179,0.0828029805546586
Urate,0.0493609212519453,,,0.0828929127934662,0.0739294167381676,,,,0.0747659704399263,,,0.0737229391443878,0.054882856653001,0.0639824672644137
Hemoglobin A1c,0.0225798517942507,,,0.0388510153051793,0.0191430737039392,,,,,,,0.0331215830277092,0.0357743798204288,0.0344953559924487
Body Mass Index,0.0603200226608588,,,0.0862778910278188,0.0533682417804243,,,,0.0890427420713229,,0.0845878985958933,0.0795052550359964,0.0574570408233289,0.0800411975453457
Estimated Glomerular Filtration Rate,0.0667461816493447,,,0.105427546224865,0.102968762189165,,,,0.0920789324679151,,,0.0947293882276323,0.100818892502028,0.0895126583355324
High-Density Lipoprotein,0.0580104048530587,,,0.106483231454618,0.0871943764163703,,,,,,0.101527766433645,0.0997485316252764,0.102142459251683,0.0968112571688325
Type One Diabetes,0.557199748770255,,,,0.583696227496345,,,,0.590011486329695,,0.590743068349171,0.589476244033256,0.577900501502105,0.580917705086491
Gout,0.620882007704835,,,0.646996347279262,0.637532543051444,,,,0.640608496172736,,,0.643576185634083,0.616167821567783,0.642585358424018
Stroke,0.529189627882917,,,0.537288538278668,0.533630396798662,,,,0.532603760505936,,0.532127327981025,0.529574056710689,0.526359737824632,0.531762434259545
Alzheimer's Disease,,,,,0.672048158330899,,,,,,,0.66491725570488,0.670936537279789,0.631504538000864
Type Two Diabetes,0.586148417524203,,,0.623589693355105,0.619565812482135,,,,0.611206651473936,,,0.617392496352562,0.620439952744251,0.618913999548562
Breast Cancer,0.616430837944747,,,0.649761749375084,0.64862586999431,,,,,,,0.646706413034122,0.65009129319513,0.642709379272278
Prostate Cancer,0.651239682337346,,,0.677789871698385,0.678439160227405,,,,,,0.672662189705532,0.670802060645445,0.680986891344761,0.667278477617498
Chronic Kidney Disease,0.539425888904885,,,0.548995600255784,0.54738175793963,,,,0.549408289014395,,0.545191242141716,0.54775621367898,0.545850955312403,0.5450509086328
Rheumatoid Arthirits,0.576161831769356,,,0.619520167491309,0.532732979549521,,,,0.603115871442988,,0.564677086669197,0.585636008451507,0.604866127253973,0.529232574790968
Inflammatory Bowel Disease,0.590905058393385,,,0.619385337256909,0.616290547237517,,,,0.618216315453706,,0.617535110817416,0.61658905839672,0.614775682345709,0.611957320172709
Type One Diabetes,0.524263027352308,,,,0.509682132427708,,,,0.510025101182641,,0.502619662272174,0.497211971718651,0.505923942246888,0.493056441896751
Gout,0.623452049689944,,,0.664229923326488,0.640690264124654,,,,0.660510346671203,,,0.647938685492788,0.602703703253663,0.641510464131945
Stroke,0.532672632017743,,,0.532574715173603,0.536858570348131,,,,0.534707561872203,,0.540288659829478,0.534401595382411,0.529096464550589,0.52518752035092
Type Two Diabetes,0.553740619093958,,,0.570866149855681,0.570048451483292,,,,0.563678256971711,,,0.564452467973754,0.569702037563239,0.565883335850048
Breast Cancer,0.613916693356992,,,0.628708780282296,0.631688977814553,,,,,,,0.627341471041664,0.613532962937555,0.616829025213204
Prostate Cancer,0.639462296733536,,,0.717822071341874,0.707014149944938,,,,,,0.718575788348334,0.708964757768269,0.708131194452557,0.6783128849972
Chronic Kidney Disease,0.533324585525486,,,0.541340632140035,0.541811555452513,,,,0.53661054392827,,0.537765699472614,0.535831706842524,0.539308409475513,0.536594354201479
Rheumatoid Arthirits,0.626303876779477,,,0.705652279322075,0.607966073444402,,,,0.690665462039078,,0.647191285769484,0.607415657128138,0.673169382760946,0.57062167117455
Inflammatory Bowel Disease,0.614544995556137,,,0.686413322315322,0.686094714987728,,,,0.67768733613654,,0.673524272591214,0.672593877166636,0.670373914645333,0.679513593141396
Type One Diabetes,0.665663486337517,,,,0.691758360033648,,,,0.737623599250285,,0.740717669270126,0.742209287979056,0.69901452402898,0.733638577098091
Gout,0.61193765785242,,,0.638264768243284,0.62625039296438,,,,0.633371885076321,,,0.627587748228256,0.606374213099405,0.627606324838762
Stroke,0.527002669178731,,,0.543111124479713,0.542598469814134,,,,0.537821569493755,,0.540217181673731,0.54048117157487,0.538281767781834,0.540566105394275
Alzheimer's Disease,,,,,0.623703188637112,,,,,,,0.612383886792245,0.620990091252419,0.581365483627864
Type Two Diabetes,0.583503835995028,,,0.61627695403767,0.612067477690087,,,,0.606833214977339,,,0.610973466613057,0.613061899638065,0.61324206687794
Breast Cancer,0.625932723640067,,,0.656238023357205,0.655931511186874,,,,,,,0.652073044758337,0.638266082020635,0.648042827610675
Prostate Cancer,0.664901487407907,,,0.699437183374909,0.696160125985459,,,,,,0.693628505642106,0.693511076808007,0.700317103174309,0.689461690710177
Chronic Kidney Disease,0.545232190917456,,,0.55079959471398,0.549953046659702,,,,0.549868117714234,,0.548189383642679,0.549239238514065,0.548397141687922,0.549951650446105
Rheumatoid Arthirits,0.599880359011311,,,0.635101751511194,0.505810517686163,,,,0.630385190186261,,0.601187051256161,0.633721433093494,0.633985512763061,0.61202469027598
Inflammatory Bowel Disease,0.652064993352693,,,0.687458580264381,0.684642233190798,,,,0.680133235905077,,0.6799067086126,0.679529693841561,0.684247440930133,0.673706350477033
Type One Diabetes,0.616370524987164,,,,0.711953869926129,,,,0.697067306327513,,0.693675635151394,0.691090067102593,0.631510032612955,0.697302210538701
Gout,0.598849939715767,,,0.624784685649873,0.611349559213211,,,,0.619235669881357,,,0.614115104173284,0.594796518597122,0.613251540900398
Stroke,0.519869538396539,,,0.531095567542353,0.529203248422816,,,,0.528569211559913,,0.527811515605876,0.527839512270658,0.523491418763811,0.53316251711652
Alzheimer's Disease,,,,,0.605319503854621,,,,,,,0.613626784056386,0.607961094413321,0.588890387980057
Type Two Diabetes,0.579289645404293,,,0.615257994153165,0.609950105525377,,,,0.609265574128674,,,0.611653075381564,0.609301261793944,0.610141750125393
Breast Cancer,0.616772062941699,,,0.641545414022127,0.641713369910762,,,,,,,0.635319398048724,0.628051102315208,0.631535849673489
Prostate Cancer,0.638386791212633,,,0.667116428306816,0.664939759805757,,,,,,0.659877142042902,0.662398659262377,0.666515079366009,0.65340104995202
Chronic Kidney Disease,0.550227495450856,,,0.55910815651387,0.556683134253649,,,,0.556681359140624,,0.556058236208859,0.556533941010658,0.558020740481268,0.55689651254923
Rheumatoid Arthirits,0.581052641008965,,,0.62088540564162,0.576805962328299,,,,0.602942871551962,,0.592398582777628,0.601749657893329,0.591595242471778,0.580637250265112
Inflammatory Bowel Disease,0.563312108929703,,,0.584098818049966,0.584580346584893,,,,0.584225735865944,,0.579064819672162,0.580081820078776,0.578809200399645,0.577830739930843
Gout,0.60425023420201,,,0.629731945154147,0.6001325370465,,,,0.617166208908193,,,0.603715029381707,0.568356380940215,0.613150975132005
Stroke,0.544978201131929,,,0.564503591548747,0.568593771529145,,,,0.555536028576405,,0.566118033656308,0.567254122546815,0.54599808138764,0.546279633851809
Type Two Diabetes,0.568147982953712,,,0.595477480072217,0.592082823304772,,,,0.582255339632353,,,0.588534257918443,0.59558345267335,0.595205264828164
Breast Cancer,0.586309728513457,,,0.606553309816946,0.603290533835104,,,,,,,0.613785090348128,0.601074204356755,0.603264741139595
Prostate Cancer,0.691883383776109,,,0.727001830885925,0.724974778612263,,,,,,0.709702761274894,0.703611329073721,0.728743974890707,0.718889885289392
Chronic Kidney Disease,0.545170125674336,,,0.565372431280123,0.561327241293212,,,,0.558395462747887,,0.561545242004434,0.559935299658765,0.55657626809264,0.552612532818328
Inflammatory Bowel Disease,0.618342406846993,,,0.642499987000697,0.642594881914329,,,,0.64844976809243,,0.631722589669194,0.62996703376699,0.645390707058102,0.633780379371666
Type One Diabetes,0.674369567459186,,,,0.74858281063679,,,,0.744501212477022,,0.747047433554862,0.743654193588584,0.658599495279478,0.743796090655711
Gout,0.64832183120874,,,0.685108179629412,0.675556165142912,,,,0.677868003830124,,,0.679132763654621,0.64835369862134,0.671767148641303
Stroke,0.535373915933532,,,0.553090413118292,0.554617884591026,,,,0.545197790800076,,0.549281924262375,0.552913556500406,0.550729074456678,0.553945637313536
Type Two Diabetes,0.597128496665094,,,0.635982766261479,0.629273913315467,,,,0.623773104920397,,,0.632221552924311,0.630252637936125,0.630247685955746
Breast Cancer,0.627863915714803,,,0.659789709950159,0.659758859682384,,,,,,,0.655349648252419,0.653965517747607,0.653287091487368
Prostate Cancer,0.661967455290166,,,0.691655329921933,0.690810797940291,,,,,,0.682721704127751,0.682549136793084,0.693098772690902,0.677531853248909
Chronic Kidney Disease,0.56987713531282,,,0.588513507475769,0.588717345735309,,,,0.582812139538596,,0.579861361129547,0.581982698875787,0.586159538895896,0.57879718527179
Rheumatoid Arthirits,0.608118545429534,,,0.728258037401678,0.642032436378722,,,,0.711022579166271,,0.678986246046053,0.694658864518233,0.66210804778667,0.658826390282355
Inflammatory Bowel Disease,0.647944846093015,,,0.684576345366199,0.682741927272208,,,,0.669773555607465,,0.671738833917772,0.672211231929236,0.677633220227153,0.672503259714302
Depression,0.564,,0.579,0.581,0.578,0.577,,,0.58,,0.578,0.579,0.562,0.578
Type Two Diabetes,0.607,,0.642,0.646,0.618,0.615,,,0.632,,0.639,0.639,0.64,0.64
Coronary Artery Disease,0.575,,0.597,0.604,0.561,0.59,,,0.596,,0.603,0.603,0.589,0.593
Inflammatory Bowel Disease,0.608,,0.631,0.647,0.605,0.6,,,0.639,,0.631,0.629,0.637,0.637
Multiple Sclerosis,0.629,,0.659,0.67,0.645,0.634,,,0.668,,0.659,0.666,0.643,0.634
Rheumatoid Arthirits,0.611,,0.607,0.618,0.581,0.577,,,0.621,,0.617,0.617,0.619,0.6
Prostate Cancer,0.674,,0.675,0.703,0.657,0.654,,,0.7,,0.698,0.696,0.697,0.693
Breast Cancer,0.624,,0.634,0.65,0.616,0.615,,,0.644,,0.648,0.649,0.648,0.649
Depression,0.566,,0.578,0.579,0.579,0.578,,,0.58,,,,0.581,0.579
Type Two Diabetes,0.608,,0.637,0.646,0.64,0.614,,,0.633,,,,0.645,0.642
Coronary Artery Disease,0.57,,0.596,0.604,0.531,0.59,,,0.595,,,,0.595,0.592
Inflammatory Bowel Disease,0.606,,0.635,0.651,0.649,0.601,,,0.644,,,,0.647,0.636
Multiple Sclerosis,0.63,,0.661,0.686,0.692,0.632,,,0.667,,,,0.64,0.637
Rheumatoid Arthirits,0.566,,0.578,0.579,0.579,0.578,,,0.58,,,,0.581,0.579
Prostate Cancer,0.566,,0.578,0.579,0.579,0.578,,,0.58,,,,0.581,0.579
Breast Cancer,0.566,,0.578,0.579,0.579,0.578,,,0.58,,,,0.581,0.579
Intelligence,0.074,,0.092,0.093,0.093,0.093,,,0.093,,0.089,0.092,0.065,0.079
Height,0.299,,0.301,0.346,0.304,0.305,,,0.281,,0.344,0.344,0.343,0.327
Body Mass Index,0.244,,0.271,0.296,0.261,0.284,,,0.298,,0.282,0.282,0.224,0.283
Intelligence,0.074,,0.094,0.095,0.095,0.094,,,0.096,,,,0.09,0.082
Height,0.299,,0.288,0.343,0.326,0.299,,,0.276,,,,0.335,0.324
Body Mass Index,0.245,,0.273,0.302,0.243,0.287,,,0.3,,,,0.25,0.283
Height,0.353,,0.383,0.445,0.394,0.395,,,0.425,,0.434,0.435,0.434,0.428
Body Mass Index,0.301,,0.306,0.315,0.29,0.29,,,0.332,,0.326,0.302,0.29,0.303
General Certificate of Secondary Education,0.311,,0.33,0.342,0.332,0.331,,,0.348,,0.341,0.351,0.331,0.337
Attention-deficit/hyperactivity disorder,0.15,,0.19,0.198,0.195,0.194,,,0.118,,0.207,0.189,0.155,0.184
Height,0.353,,0.38,0.453,0.446,0.4,,,0.442,,,,0.467,0.437
Body Mass Index,0.285,,0.313,0.336,0.348,0.319,,,0.333,,,,0.338,0.32
General Certificate of Secondary Education,0.315,,0.337,0.358,0.358,0.343,,,0.355,,,,0.35,0.339
Attention-deficit/hyperactivity disorder,0.144,,0.19,0.187,0.19,0.189,,,0.108,,,,0.189,0.174
